chave_elemento_item,ano,elemento_item_cod,elemento_item_desc
2026|0,2026,0,SEM INFORMACAO
"2026|1,2026,1,""APOSENTADORIAS, RESERVA REMUNERADA E REFORMAS"""
2026|3,2026,3,PENSOES
2026|4,2026,4,CONTRATACAO POR TEMPO DETERMINADO
2026|7,2026,7,CONTRIBUICAO A ENTIDADES FECHADAS DE PREVIDENCIA
2026|8,2026,8,OUTROS BENEFICIOS ASSISTENCIAIS DO SERVIDOR E DO MILITAR
2026|10,2026,10,SEGURO DESEMPREGO E ABONO SALARIAL
2026|11,2026,11,VENCIMENTOS E VANTAGENS FIXAS-PESSOAL CIVIL
2026|12,2026,12,VENCIMENTOS E VANTAGENS FIXAS - PESSOAL  MILITAR
2026|13,2026,13,OBRIGACOES PATRONAIS
2026|14,2026,14,DIARIAS - CIVIL
2026|15,2026,15,DIARIAS - MILITAR
2026|16,2026,16,OUTRAS DESPESAS VARIAVEIS - PESSOAL CIVIL
2026|17,2026,17,OUTRAS DESPESAS VARIAVEIS - PESSOAL MILITAR
2026|18,2026,18,AUXILIO FINANCEIRO A ESTUDANTES
2026|20,2026,20,AUXILIO FINANCEIRO A PESQUISADORES
2026|21,2026,21,JUROS SOBRE A DIVIDA POR CONTRATO
2026|22,2026,22,OUTROS ENCARGOS SOBRE A DIVIDA POR CONTRATO
2026|30,2026,30,MATERIAL DE CONSUMO
"2026|31,2026,31,""PREMIACOES CULTURAIS, ARTISTICAS, CIENTIFICAS, DESPORTIVAS E OUTRAS."""
"2026|32,2026,32,""MATERIAL, BEM OU SERVICO PARA DISTRIBUICAO GRATUITA"""
2026|33,2026,33,PASSAGENS E DESPESAS COM LOCOMOCAO
2026|34,2026,34,OUTRAS DESPESAS DE PESSOAL DECORRENTES DE CONTRATOS DE TERCEIRIZACAO
2026|35,2026,35,SERVICOS DE CONSULTORIA
2026|36,2026,36,OUTROS SERVICOS DE TERCEIROS - PESSOA FISICA
2026|37,2026,37,LOCACAO DE MAO-DE-OBRA
2026|39,2026,39,OUTROS SERVICOS DE TERCEIROS - PESSOA JURIDICA
2026|40,2026,40,SERVICOS DE TECNOLOGIA DA INFORMACAO E COMUNICACAO -  PESSOA JURIDICA
2026|41,2026,41,CONTRIBUICOES
2026|42,2026,42,AUXILIOS
2026|43,2026,43,SUBVENCOES SOCIAIS
2026|45,2026,45,SUBVENCOES ECONOMICAS
2026|46,2026,46,AUXILIO-ALIMENTACAO
2026|47,2026,47,OBRIGACOES TRIBUTARIAS E CONTRIBUTIVAS
2026|48,2026,48,OUTROS AUXILIOS FINANCEIROS A PESSOAS FISICAS
2026|49,2026,49,AUXILIO-TRANSPORTE
2026|51,2026,51,OBRAS E INSTALACOES
2026|52,2026,52,EQUIPAMENTOS E MATERIAL PERMANENTE
2026|59,2026,59,PENSOES ESPECIAIS
2026|61,2026,61,AQUISICAO DE IMOVEIS
2026|65,2026,65,CONSTITUICAO OU AUMENTO DE CAPITAL DE EMPRESAS
2026|66,2026,66,CONCESSAO DE EMPRESTIMOS E FINANCIAMENTOS
2026|71,2026,71,PRINCIPAL DA DIVIDA CONTRATUAL RESGATADO
2026|82,2026,82,APORTE DE RECURSOS PELO PARCEIRO PUBLICO EM FAVOR DO PARCEIRO PRIVADO DECORRENTE DE CONTRATO DE PARC
"2026|83,2026,83,""DESPESAS DECORRENTES DE CONTRATO DE PARCERIA PUBLICO-PRIVADA - PPP, EXCETO SUBVENCOES ECONOMICAS, AP"""
2026|85,2026,85,CONTRATO DE GESTAO
2026|86,2026,86,COMPENSACOES A REGIMES DE PREVIDENCIA
2026|91,2026,91,SENTENCAS JUDICIAIS
2026|92,2026,92,DESPESAS DE EXERCICIOS ANTERIORES
2026|93,2026,93,INDENIZACOES E RESTITUICOES
2026|94,2026,94,INDENIZACOES E RESTITUICOES TRABALHISTAS
2026|96,2026,96,RESSARCIMENTO DE DESPESAS DE PESSOAL REQUISITADO
2026|99,2026,99,A CLASSIFICAR
2026|101,2026,101,PROVENTOS DE APOSENTADOS
2026|103,2026,103,PROVENTOS DE MILITARES INATIVOS
"2026|105,2026,105,""APOSENTADORIA IPSEMG ? LEI Nº 1.195, DE 23/12/1954"""
2026|108,2026,108,SUBSIDIO APOSENTADOS DA EDUCACAO
2026|109,2026,109,GRATIFICACAO DE NATAL - INATIVO CIVIL
2026|110,2026,110,GRATIFICAÇÃO DE NATAL – INATIVO MILITAR
2026|307,2026,307,PENSOES CIVIS DO RPPS
2026|308,2026,308,PENSOES DO MILITAR
2026|309,2026,309,GRATIFICAÇÃO DE NATAL
2026|401,2026,401,CONTRATACAO POR TEMPO DETERMINADO
2026|403,2026,403,OBRIGACAO PATRONAL - CONTRATOS POR TEMPO DETERMINADO - INSS
2026|404,2026,404,OBRIGACAO PATRONAL - CONTRATO POR TEMPO DETERMINADO - ASSIST. A SAUDE
2026|405,2026,405,AGENTES PENITENCIARIOS
2026|406,2026,406,SALARIO FAMILIA
2026|407,2026,407,ABONO – RATEIO DOS RECURSOS DO FUNDEB - CONTRATAÇÃO POR TEMPO DETERMINADO
2026|408,2026,408,ABONO – RATEIO DOS RECURSOS DO FUNDEB - OBRIGAÇÃO PATRONAL COM CONTRATOS POR TEMPO DETERMINADO - INSS
2026|409,2026,409,OBRIGAÇÃO PATRONAL – CONTRATOS POR TEMPO DETERMINADO – ENCARGOS POR PAGAMENTO EM ATRASO
2026|410,2026,410,ABONO DE FERIAS
2026|411,2026,411,GRATIFICAÇÃO DE NATAL
2026|501,2026,501,AUXÍLIO-RECLUSÃO
2026|505,2026,505,PECÚLIO E SEGURO COLETIVO
2026|509,2026,509,SALÁRIO-FAMÍLIA
2026|599,2026,599,AUXÍLIOS DIVERSOS
2026|601,2026,601,BENEFÍCIO MENSAL AO DEFICIENTE E AO IDOSO
2026|701,2026,701,CONTRIBUICAO A ENTIDADES FECHADAS DE PREVIDENCIA
2026|702,2026,702,CONTRIBUIÇÃO A ENTIDADES FECHADAS DE PREVIDÊNCIA - ENCARGOS POR PAGAMENTO EM ATRASO
2026|801,2026,801,AUXÍLIO-DOENÇA
2026|802,2026,802,AUXILIO-FUNERAL
2026|803,2026,803,AUXILIO-CRECHE OU ASSISTENCIA PRE-ESCOLAR
2026|804,2026,804,INDENIZAÇÃO SECURITÁRIA
2026|805,2026,805,AUXILIO-NATALIDADE
2026|807,2026,807,AUXILIO INVALIDEZ
2026|808,2026,808,AUXÍLIO CUIDADOR
2026|809,2026,809,AUXILIO RECLUSAO
2026|810,2026,810,SALARIO FAMILIA
2026|811,2026,811,PECULIO E SEGURO COLETIVO
2026|812,2026,812,ASSITÊNCIA À SAÚDE
2026|899,2026,899,AUXILIOS DIVERSOS
2026|1001,2026,1001,AUXÍLIO-FARDAMENTO PAGO A SERVIDOR OU MILITAR
2026|1101,2026,1101,VENCIMENTOS
2026|1102,2026,1102,DESIGNADOS DO MAGISTERIO
2026|1103,2026,1103,ADICIONAL POR TEMPO DE SERVICO
2026|1104,2026,1104,GRATIFICAÇÃO DE ENSINO ESPECIAL
2026|1106,2026,1106,GRATIFICACAO DE COORDENADOR DE ESCOLA
2026|1107,2026,1107,GRATIFICACAO DE INCENTIVO A DOCENCIA
2026|1108,2026,1108,VERBA DE REPRESENTAÇÃO
2026|1109,2026,1109,GRATIFICACAO DE RISCO DE CONTAGIO E RAIO X
2026|1112,2026,1112,GRATIFICACAO DE ESTIMULO A PRODUCAO INDIVIDUAL - GEPI
2026|1113,2026,1113,GRATIFICACAO DE EXERCICIO DO PODER JUDICIARIO
2026|1114,2026,1114,GRATIFICAÇÃO DE REPRESENTAÇÃO DO MINISTÉRIO PÚBLICO
2026|1115,2026,1115,GRATIFICAÇÃO DE REPRESENTAÇÃO DO PODER JUDICIÁRIO
2026|1116,2026,1116,GRATIFICAÇÃO DE FUNÇÃO AUXILIAR DE ATIVIDADE PARLAMENTAR
2026|1117,2026,1117,GRATIFICACAO DE CARGO EM COMISSAO
2026|1118,2026,1118,GRATIFICACAO POR PLANTAO
2026|1119,2026,1119,VANTAGEM PESSOAL
2026|1120,2026,1120,SUBSÍDIOS VARIÁVEIS
2026|1121,2026,1121,ABONO DE FERIAS
2026|1122,2026,1122,GRATIFICACAO DE NATAL
"2026|1123,2026,1123,""GRATIFICACAO DE RISCO DE VIDA, SAUDE E CONTAGIO"""
2026|1124,2026,1124,GRATIFICAÇÃO DE CHEFIA (ESPECIAL)
2026|1125,2026,1125,GRATIFICAÇÃO DE COMISSIONAMENTO
2026|1126,2026,1126,GRATIFICAÇÃO DE NÍVEL SUPERIOR
2026|1127,2026,1127,GRATIFICACAO DE INCENTIVO AO MERITO FUNCIONAL
2026|1128,2026,1128,GRATIFICACAO DE FUNCAO DE AGENTES DE SEGURANCA
2026|1129,2026,1129,GRATIFICACAO DE ASSESSORAMENTO
2026|1130,2026,1130,GRATIFICACAO ESPECIAL-GABINETE MILITAR
2026|1132,2026,1132,GRATIFICAÇÃO PRÓ-LABORE
2026|1133,2026,1133,GRATIFICACAO DE INCENTIVO A EFICIENTIZACAO DOS SERVICOS - GIEFS
2026|1134,2026,1134,HONORARIOS
2026|1135,2026,1135,GRATIFICACAO DE DEDICACAO EXCLUSIVA
2026|1136,2026,1136,GRATIFICAÇÃO DE ATIVIDADE INSTITUCIONAL AUTÔNOMA
2026|1137,2026,1137,PARCELA REMUNERATÓRIA COMPLEMENTAR-PRC
2026|1138,2026,1138,ADICIONAL DE ATIVIDADE ESPECÍFICA
2026|1139,2026,1139,ADICIONAL DE LOCAL DE TRABALHO
2026|1140,2026,1140,GRATIFICACAO DE FUNCAO
2026|1141,2026,1141,GRATIFICAÇÃO POR CURSO
2026|1143,2026,1143,GRATIFICACAO DE ORGAO DE DELIBERACAO COLETIVA
2026|1144,2026,1144,ABONO DE PERMANENCIA
2026|1145,2026,1145,VANTAGEM TEMPORARIA INCORPORAVEL
2026|1146,2026,1146,GRATIFICACAO DE DESEMPENHO DE PRODUTIVIDADE INDIVIDUAL E INSTITUCIONAL
2026|1147,2026,1147,GRATIFICACAO DE ESCOLARIDADE DESEMPENHO E PROD INDIVID E INSTITUCIONAL
2026|1148,2026,1148,ADICIONAL DE DESEMPENHO - PESSOAL CIVIL
2026|1149,2026,1149,GRATIFICACAO COMPLEMENTAR DE PRODUTIVIDADE
2026|1150,2026,1150,SUBSIDIO - SERVIDORES DA EDUCACAO EFETIVOS
2026|1151,2026,1151,SUBSIDIO - SERVIDORES DA EDUCACAO DESIGNADOS
2026|1152,2026,1152,SUBSIDIO - SERVIDORES DA EDUCACAO DE EXTENSAO CARGA HORARIA
2026|1153,2026,1153,GRATIFICAÇÃO POR ENCARGO DE CURSO OU CONCURSO
2026|1154,2026,1154,GRATIFICACAO DE SERVICOS DE SEGURIDADE SOCIAL
2026|1155,2026,1155,GRATIFICACAO DE FUNCAO DE PESQUISA E ENSINO - GFPE / LEI 20.591/2012
2026|1156,2026,1156,GRATIFICAÇÃO DE INCENTIVO À PESQUISA E À DOCÊNCIA ? GIPED / LEI 20.591/2012
2026|1157,2026,1157,GRATIFICACAO INCENTIVO PRODUTIVIDADE PROFISSIONAIS DE ENGENHARIA E ARQ
2026|1158,2026,1158,ABONO SALARIAL DO PODER JUDICIARIO
2026|1159,2026,1159,FUNÇÕES DE CONFIANÇA
2026|1160,2026,1160,GRATIFICACAO PELO CUMPRIMENTO DE METAS EXTRAORDINARIAS
2026|1161,2026,1161,GRATIFICAÇÃO DE SERVIÇOS DE ASSESSORAMENTO JURÍDICO
2026|1162,2026,1162,AUXÍLIO-DOENÇA / LICENÇA PARA TRATAMENTO DE SAÚDE
2026|1163,2026,1163,SALÁRIO MATERNIDADE / LICENÇA MATERNIDADE
2026|1164,2026,1164,GRATIFICACAO DE SERVICOS DE SEGURANCA
2026|1165,2026,1165,ABONO – RATEIO DOS RECURSOS DO FUNDEB
2026|1199,2026,1199,OUTROS
2026|1201,2026,1201,REMUNERACAO BASICA
2026|1202,2026,1202,ADICIONAL POR TEMPO DE SERVICO
2026|1203,2026,1203,GRATIFICACOES ESPECIAIS
2026|1204,2026,1204,FERIAS-PREMIO
2026|1205,2026,1205,ABONO DE FERIAS
2026|1206,2026,1206,SUBSTITUICAO TEMPORARIA
2026|1207,2026,1207,GRATIFICACAO DE NATAL
2026|1208,2026,1208,ADICIONAL DE DESEMPENHO - PESSOAL MILITAR
2026|1209,2026,1209,ABONO PERMANENCIA
2026|1210,2026,1210,GRATIFICACAO MENSAL PRO LABORE
2026|1299,2026,1299,OUTRAS
2026|1304,2026,1304,INSS - FOLHA
2026|1305,2026,1305,OBRIGACAO PATRONAL - PESSOAL ATIVO
2026|1306,2026,1306,OBRIGACAO PATRONAL - PESSOAL INATIVO
2026|1308,2026,1308,OBRIGACAO PATRONAL - PENSIONISTAS
2026|1309,2026,1309,OBRIGACAO PATRONAL - PRECATORIOS
2026|1310,2026,1310,OBRIGACAO PATRONAL - OUTRAS SENTENCAS JUDICIAIS
2026|1314,2026,1314,OBRIGACAO PATRONAL - ENCARGOS POR PAGAMENTO EM ATRASO
2026|1315,2026,1315,OBRIGAÇÃO PATRONAL ? PRÊMIO DE PRODUTIVIDADE
2026|1317,2026,1317,INSS - DEMAIS DESPESAS
2026|1318,2026,1318,OBRIGAÇÃO PATRONAL PESSOAL INATIVO - ENTIDADES CONVENIADAS - ASSISTÊNCIA À SAÚDE
2026|1319,2026,1319,OBRIGACAO PATRONAL - PESSOAL MILITAR INATIVO - LC 125/2012
2026|1320,2026,1320,OBRIGACAO PATRONAL - PESSOAL MILITAR ATIVO - LC 125/2012
2026|1321,2026,1321,OBRIGACAO PATRONAL - PESSOAL ATIVO - DESPESAS COM ASSISTENCIA A SAUDE
2026|1322,2026,1322,OBRIGACAO PATRONAL - PESSOAL INATIVO - DESPESAS COM ASSITENCIA A SAUDE
2026|1324,2026,1324,OBRIGACAO PATRONAL DESPESAS COM ASSITENCIA A SAUDE OUTROS
2026|1325,2026,1325,OBRIGAÇÃO PATRONAL - ADESÃO AO PARCELAMENTO DECORRENTE DE LEI ESPECÍFICA - PREVIDÊNCIA
2026|1326,2026,1326,OBRIGACAO PATRONAL SUPLEMENTAR - PESSOAL ATIVO
2026|1327,2026,1327,ABONO – RATEIO DOS RECURSOS DO FUNDEB – INSS
2026|1328,2026,1328,DESPESAS COM OBRIGACAO PATRONAL RELATIVAS AO FGTS
2026|1401,2026,1401,DIARIAS - CIVIL
2026|1501,2026,1501,DIARIAS - MILITAR
2026|1502,2026,1502,DIARIAS MILITAR - SCDP
2026|1601,2026,1601,SERVICO EXTRAORDINARIO
2026|1602,2026,1602,SUBSTITUICAO EM CARGOS EM COMISSAO
2026|1603,2026,1603,AULAS FACULTATIVAS
2026|1604,2026,1604,GRATIFICACAO POR ENCARGOS EXTRAORDINARIOS
2026|1605,2026,1605,FERIAS-PREMIO
2026|1606,2026,1606,JORNADA COMPLEMENTAR DE TRABALHO
2026|1701,2026,1701,OUTRAS DESPESAS VARIAVEIS - PESSOAL MILITAR
2026|1801,2026,1801,AUXILIO FINANCEIRO A ESTUDANTES
2026|1901,2026,1901,AUXILIO-FARDAMENTO PAGO A SERVIDOR OU MILITAR
2026|1902,2026,1902,ADIANTAMENTO ? FARDAMENTO
2026|1903,2026,1903,AUXILIO-FARDAMENTO PAGO A PESSOAL CONTRATADO
2026|2001,2026,2001,AUXILIO FINANCEIRO A PESQUISADORES
2026|2101,2026,2101,JUROS SOBRE A DIVIDA INTERNA POR CONTRATOS
2026|2102,2026,2102,JUROS SOBRE A DIVIDA EXTERNA POR CONTRATOS
2026|2103,2026,2103,JUROS DA DIVIDA COM OS INSTITUTOS DE PREVIDENCIA
2026|2104,2026,2104,JUROS SOBRE O PARCELAMENTO DA DIVIDA PREVIDENCIARIA
2026|2105,2026,2105,JUROS DE OUTRAS DIVIDAS RENEGOCIADAS
2026|2106,2026,2106,JUROS SOBRE O PARCELAMENTO DA DIVIDA COM O PASEP
2026|2107,2026,2107,JUROS SOBRE A DÍVIDA COM O GARANTIDOR
2026|2108,2026,2108,JUROS SOBRE A DÍVIDA INTERNA POR CONTRATOS REFINANCIADA
2026|2109,2026,2109,JUROS DE EXECUÇÃO DE GARANTIAS HONRADAS PELA UNIÃO
2026|2110,2026,2110,JUROS DA DÍVIDA REFERENTE À REGULARIZAÇÃO DA COMPENSAÇÃO DAS PERDAS DE ARRECADAÇÃO DO ICMS
2026|2201,2026,2201,OUTROS ENCARGOS SOBRE A DIVIDA INTERNA POR CONTRATOS
2026|2202,2026,2202,OUTROS ENCARGOS SOBRE A DÍVIDA EXTERNA POR CONTRATOS
2026|2203,2026,2203,ENCARGOS SOBRE A DÍVIDA HONRADA PELO GARANTIDOR
2026|2204,2026,2204,OUTROS ENCARGOS SOBRE A DIVIDA INTERNA POR CONTRATOS REFINANCIADA
2026|2205,2026,2205,ENCARGOS DE EXECUÇÃO DE GARANTIAS HONRADAS PELA UNIÃO
2026|2301,2026,2301,JUROS DA DÍVIDA MOBILIÁRIA INTERNA
2026|2302,2026,2302,JUROS DA DÍVIDA MOBILIÁRIA EXTERNA
2026|2401,2026,2401,OUTROS ENCARGOS SOBRE A DÍVIDA MOBILIÁRIA
2026|2501,2026,2501,ENCARGOS SOBRE OPERAÇÕES DE CRÉDITOS POR ANTECIPAÇÃO DA RECEITA
2026|2601,2026,2601,OBRIGAÇÕES DECORRENTES DE POLÍTICA MONETÁRIA
"2026|2701,2026,2701,""ENCARGOS PELA HONRA DE AVAIS, GARANTIAS, SEGUROS E SIMILARES"""
2026|2801,2026,2801,REMUNERAÇÃO DE COTAS DE FUNDOS AUTÁRQUICOS
2026|2901,2026,2901,DISTRIBUIÇÃO DE RESULTADO DE EMPRESAS ESTATAIS DEPENDENTES
2026|3001,2026,3001,ARTIGOS PARA CONFECCAO E VESTUARIO
2026|3002,2026,3002,ARTIGOS PARA ESPORTE
"2026|3003,2026,3003,""UTENSILIOS PARA COPA, REFEITORIO E COZINHA"""
2026|3004,2026,3004,MATERIAL GRAFICO E IMPRESSOS
2026|3005,2026,3005,MATERIAL PARA ESCRITORIO
2026|3006,2026,3006,MATERIAL DE DESENHO
2026|3007,2026,3007,MATERIAL DE ENSINO
2026|3008,2026,3008,PRODUTOS ALIMENTICIOS
2026|3009,2026,3009,FORRAGENS E OUTROS ALIMENTOS PARA ANIMAIS
2026|3010,2026,3010,MATERIAL MEDICO E HOSPITALAR
2026|3011,2026,3011,MATERIAL ODONTOLOGICO
2026|3012,2026,3012,MEDICAMENTOS
2026|3013,2026,3013,MATERIAIS DE LABORATORIO E PRODUTOS QUIMICOS EM GERAL
2026|3014,2026,3014,MATERIAL RADIOLOGICO
"2026|3015,2026,3015,""MATERIAL FOTOGRAFICO, CINEMATOGRAFICO E DE COMUNICACAO"""
2026|3016,2026,3016,MATERIAL DE INFORMATICA
2026|3017,2026,3017,ARTIGOS PARA LIMPEZA E HIGIENE
2026|3018,2026,3018,MATERIA-PRIMA E PROD. P/ MANIPULACAO E INDUSTRIAS DE TRANSFORMACAO
2026|3019,2026,3019,MATERIAL P/ MANUT. E REPAROS DE IMOVEIS DE PROPRIEDADE DA ADM. PUBLICA
2026|3020,2026,3020,MATERIAL ELETRICO
2026|3021,2026,3021,MATERIAL P/ MANUT. E REPAROS DE BENS DE DOMINIO PUB. OU DE TERCEIROS
"2026|3022,2026,3022,""FERRAMENTAS, FERRAGENS E UTENSILIOS"""
2026|3023,2026,3023,MATERIAL PARA MANUTENCAO DE VEICULOS AUTOMOTORES
2026|3024,2026,3024,PECAS E ACESSORIOS P/ EQUIP.  E OUTROS MATERIAIS PERMANENTES
"2026|3025,2026,3025,""MATERIAL DE SEGURANCA, APETRECHOS OPERACIONAIS E POLICIAIS"""
2026|3026,2026,3026,COMBUSTIVEIS E LUBRIFICANTES PARA VEICULOS AUTOMOTORES
2026|3027,2026,3027,COMBUSTIVEIS E LUBRIFICANTES P/ EQUIP. E OUTROS MAT.  PERMANENTES
"2026|3028,2026,3028,""ANIMAIS DESTINADOS A ESTUDOS, À PREPARAÇÃO DE PRODUTOS E AO ABATE"""
"2026|3029,2026,3029,""SEMENTES, MUDAS DE PLANTAS E INSUMOS"""
2026|3030,2026,3030,MATERIAIS PARA ACONDICIONAMENTO E EMBALAGEM
2026|3031,2026,3031,LIVROS TÉCNICOS
2026|3032,2026,3032,MATERIAL CÍVICO E EDUCATIVO
2026|3033,2026,3033,COMBUSTIVEIS E LUBRIFICANTES PARA AERONAVES
2026|3034,2026,3034,PECAS E ACESSORIOS PARA AERONAVES
2026|3036,2026,3036,MATERIAL BIBLIOGRÁFICO PARA BIBLIOTECAS PÚBLICAS
2026|3037,2026,3037,MEDICAMENTOS - DECISÃO JUDICIAL
2026|3038,2026,3038,LEITE ? PROGRAMA LEITE PELA VIDA
2026|3039,2026,3039,MATERIAL DE CONFECÇÃO EM GERAL
"2026|3040,2026,3040,""MATERIAL DE CAMA, MESA E BANHO"""
2026|3041,2026,3041,MATERIAL DE PROTECAO E SEGURANCA
2026|3042,2026,3042,MATERIAL PARA FISIOTERAPIA E TERAPIA OCUPACIONAL
2026|3099,2026,3099,OUTROS MATERIAIS
"2026|3101,2026,3101,""PREMIOS, DIPLOMAS, CONDECORACOES E MEDALHAS"""
2026|3102,2026,3102,PRÊMIOS LOTÉRICOS
2026|3103,2026,3103,COMISSÕES LOTÉRICAS
2026|3104,2026,3104,PREMIACOES
2026|3105,2026,3105,PREMIACAO - NOTA FISCAL MINEIRA
2026|3201,2026,3201,MATERIAL DE DISTRIBUICAO GRATUITA
2026|3202,2026,3202,MATERIAL DE ASSISTENCIA HUMANITARIA
2026|3301,2026,3301,PASSAGENS - PESSOA FISICA
"2026|3302,2026,3302,""DESPESAS COM TRANSPORTE URBANO, PEDAGIO E ESTACIONAMETO PESSOA FISICA"""
2026|3303,2026,3303,FRETAMENTO E LOCAÇÃO - PESSOA FÍSICA
2026|3304,2026,3304,PASSAGENS - PESSOA JURIDICA
"2026|3305,2026,3305,""SERVICOS DE TRANSPORTES DE PASSAGEIROS, FRETAMENTO E LOCACAO PES JURID"""
2026|3401,2026,3401,OUTRAS DESPESAS DE PESSOAL DECORRENTES DE CONTRATOS DE TERCEIRIZAÇÃO
2026|3402,2026,3402,AGENTES PENITENCIÁRIOS
2026|3403,2026,3403,OBRIGAÇÃO PATRONAL – INSS
2026|3404,2026,3404,OBRIGAÇÃO PATRONAL – ASSISTÊNCIA À SAÚDE
2026|3405,2026,3405,SALÁRIO - FAMÍLIA
2026|3501,2026,3501,SERVICOS DE CONSULTORIA - PESSOA FISICA
2026|3502,2026,3502,SERVICOS DE CONSULTORIA - PESSOA JURIDICA
2026|3503,2026,3503,SERVIÇOS DE CONSULTORIA ? ORGANISMO INTERNACIONAL
2026|3601,2026,3601,ESTAGIARIOS
2026|3602,2026,3602,MEDICOS RESIDENTES
2026|3603,2026,3603,SALÁRIOS DE INTERNOS
2026|3604,2026,3604,DIARIAS A COLABORADORES EVENTUAIS
2026|3605,2026,3605,LOCAÇÃO DE SERVIÇOS TÉCNICOS E ESPECIALIZADOS ? PESSOA FÍSICA
2026|3606,2026,3606,FORNECIMENTO DE ALIMENTAÇÃO
2026|3607,2026,3607,CONFECÇÃO EM GERAL
2026|3608,2026,3608,MEDICOS
2026|3609,2026,3609,DENTISTAS
2026|3610,2026,3610,EVENTUAL DE GABINETE
2026|3611,2026,3611,LOCACAO DE BENS IMOVEIS
2026|3612,2026,3612,DESPESAS MIUDAS DE PRONTO PAGAMENTO
2026|3613,2026,3613,PESSOAL DE ENFERMAGEM
"2026|3614,2026,3614,""MONITORES, FISCAIS E EXAMINADORES"""
2026|3615,2026,3615,ENCARGOS FINANCEIROS
2026|3616,2026,3616,REPARO E MANUTENCAO DE VEICULOS
"2026|3617,2026,3617,""REPAROS DE EQUIPAMENTOS, INSTALAÇÕES E MATERIAL PERMANENTE"""
2026|3618,2026,3618,REPAROS DE BENS IMOVEIS
2026|3619,2026,3619,CONFERENCIAS E EXPOSICOES
2026|3620,2026,3620,JETONS A CONSELHEIROS
2026|3621,2026,3621,ADVOGADOS DATIVOS
2026|3622,2026,3622,TAXA DE CONDOMINIO
2026|3623,2026,3623,GRATIFICACAO POR ENCARGO DE CURSO OU CONCURSO
2026|3624,2026,3624,SERVICOS TECNICOS JUDICIAIS - HONORARIOS JUSTICA GRATUITA
2026|3625,2026,3625,CONTRATACAO PARA PRESTACAO DE SERVIÇO POR CREDENCIADOS
2026|3626,2026,3626,SERVICOS DE ABASTECIMENTO E DISTRIBUICAO DE AGUA
2026|3627,2026,3627,JUIZES LEIGOS
2026|3628,2026,3628,SERVICOS TECNICOS JUDICIAIS - HONORARIOS PERICIAIS
2026|3629,2026,3629,DIREITOS AUTORAIS
2026|3630,2026,3630,SERVICOS MEDICOS PRESTADOS POR CONTRATO
"2026|3631,2026,3631,""SERVICOS DE TREINAMENTO, CAPACITACAO E APERFEICOAMENTO DE PESSOAL"""
2026|3632,2026,3632,SERVIÇOS DE SAÚDE – DECISÃO JUDICIAL
2026|3633,2026,3633,DILIGÊNCIAS POLICIAIS E INSUMOS PARA ATIVIDADES DE INTELIGÊNCIA DE CARÁTER RESERVADO
2026|3699,2026,3699,OUTRAS DESPESAS PAGAS A PESSOAS FISICAS
2026|3701,2026,3701,LOCACAO DE SERVICOS DE CONSERVACAO E LIMPEZA
2026|3702,2026,3702,LOCACAO DE SERVICOS DE APOIO ADMINISTRATIVO
2026|3703,2026,3703,LOCACAO DE SERVICOS DE CONSERVACAO E LIMPEZA REALIZADOS PELA MGS
2026|3704,2026,3704,LOCACAO DE SERVICOS DE APOIO ADMINISTRATIVO REALIZADOS PELA MGS
2026|3705,2026,3705,DESPESAS COM O PAGAMENTO DE ENCARGOS TRABALHISTAS A MGS
2026|3706,2026,3706,LOCAÇÃO DE SERVIÇOS DE SAÚDE
2026|3707,2026,3707,DESPESAS COM O PAGAMENTO DE OBRIGAÇÕES TRABALHISTAS
2026|3801,2026,3801,ARRENDAMENTO MERCANTIL
2026|3901,2026,3901,VALE-TRANSPORTE
2026|3902,2026,3902,VALE-REFEICAO
2026|3903,2026,3903,FORNECIMENTO DE ALIMENTACAO
2026|3904,2026,3904,CONFECCAO EM GERAL
2026|3905,2026,3905,TRANSPORTE E ACONDICIONAMENTO DE ANIMAIS
2026|3906,2026,3906,TRANSPORTE E ACONDICIONAMENTO DE MATERIAIS
2026|3908,2026,3908,PUBLICAÇÃO E DIVULGAÇÃO
2026|3909,2026,3909,PUBLICIDADE
2026|3910,2026,3910,PREMIOS DE SEGUROS
"2026|3911,2026,3911,""ASSINATURAS DE JORNAIS, REVISTAS E PERIODICOS"""
2026|3912,2026,3912,TARIFA DE ENERGIA ELETRICA
2026|3913,2026,3913,TARIFA DE AGUA E ESGOTO
2026|3914,2026,3914,SERVICO DE TELEFONIA
2026|3915,2026,3915,SERVICO POSTAL-TELEGRAFICO
2026|3916,2026,3916,LOCACAO DE TV POR ASSINATURA
2026|3917,2026,3917,LOCACAO DE VEICULOS
2026|3918,2026,3918,REPAROS DE VEICULOS
2026|3919,2026,3919,LOCACAO DE MAQUINAS E EQUIPAMENTOS
2026|3920,2026,3920,LOCACAO DE BENS IMOVEIS
"2026|3921,2026,3921,""REPAROS DE EQUIPAMENTOS, INSTALACOES E MATERIAL PERMANENTE"""
2026|3922,2026,3922,REPAROS DE BENS IMOVEIS
"2026|3923,2026,3923,""RECEPCOES, HOSPEDAGENS, HOMENAGENS E FESTIVIDADES"""
"2026|3924,2026,3924,""CURSOS, EXPOSICOES, CONGRESSOS E CONFERENCIAS"""
2026|3925,2026,3925,ENCARGOS JUDICIAIS
2026|3926,2026,3926,ENCARGOS FINANCEIROS
2026|3928,2026,3928,SERVICOS DE SAUDE EXECUTADOS COM RECURSOS DO SUS
2026|3929,2026,3929,SERVICOS DE SAUDE PRESTADOS POR PESSOA JURIDICA
2026|3930,2026,3930,MULTAS DE TRANSITO
2026|3931,2026,3931,SERVICOS GRAFICOS
2026|3933,2026,3933,TAXA DE ADMINISTRACAO
2026|3934,2026,3934,SEGUROS DE AERONAVES
"2026|3935,2026,3935,""REPARO, MANUTENCAO, E SERVICOS AEROPORTUARIOS PARA AERONAVES"""
2026|3936,2026,3936,SERVIÇOS DE INFORMÁTICA EXECUTADOS PELA PRODEMGE
2026|3937,2026,3937,TAXA DE CONDOMINIO
2026|3938,2026,3938,SERVIÇOS DE IMPRESSÃO E ENCADERNAÇÃO
2026|3939,2026,3939,SERVICOS DE PUBLICACAO E DIVULGACAO
2026|3941,2026,3941,ANUIDADES
2026|3942,2026,3942,SERVICOS GRAFICOS DE SEGURANCA
2026|3943,2026,3943,SERVICO DE ADMINISTRACAO E GERENCIAMENTO DE FROTA DE VEICULOS
2026|3944,2026,3944,SERVICOS BANCÁRIOS
2026|3946,2026,3946,TERMO DE PARCERIA COM ORGANIZACAO DA SOCIEDADE CIVIL DE INTERESSE PUBL
2026|3947,2026,3947,TAXA DE ADMINISTRACAO DE CREDITO DE FINANCIAMENTOS HABITACIONAIS
"2026|3948,2026,3948,""CURSOS DE FORMACAO, CAPACITACAO E POS-GRADUACAO PARA SERVIDORES"""
2026|3949,2026,3949,CURSOS DE FORMACAO E CAPACITACAO PARA O CIDADAO
2026|3950,2026,3950,SERVICOS DE AGENCIAMENTO DE VIAGENS
"2026|3951,2026,3951,""SERVICOS DE GERENCIAMENTO, SUPERVISAO E FISCALIZACAO DE OBRAS"""
2026|3952,2026,3952,CONTRATACAO DE ESTAGIARIOS
2026|3953,2026,3953,CURSOS DE FORMACAO E CAPACITACAO PROMOVIDOS PELO ESTADO
2026|3954,2026,3954,CONTRATO DE PARCERIA PÚBLICO-PRIVADA
2026|3955,2026,3955,EVENTOS DE COMUNICACAO INSTITUCIONAL
2026|3956,2026,3956,SERVICOS DE PESQUISAS
2026|3957,2026,3957,COMISSÃO PELA CONSTRUÇÃO DE UNIDADES HABITACIONAIS
"2026|3958,2026,3958,""CONTRATAÇÃO DE PROJETOS EM PESQUISA DE CIÊNCIA, INOVAÇÃO E TECNOLOGIA"""
2026|3959,2026,3959,SERVICOS SANITARIOS E TRATAMENTO DE RESIDUOS
2026|3960,2026,3960,SERVICOS DE ATENDIMENTO AO CIDADAO
2026|3961,2026,3961,SERVICOS DE CONSERVACAO E LIMPEZA
2026|3962,2026,3962,SERVICOS DE VIGILANCIA OSTENSIVA
2026|3963,2026,3963,SERVIÇOS DE LEVANTAMENTO E CADASTRAMENTO PARA EXECUÇÃO DE POLÍTICAS PÚBLICAS
2026|3964,2026,3964,SERVICOS DE MAPEAMENTO E GEORREFERENCIAMENTO
2026|3965,2026,3965,SERVICOS DE PRODUCAO E LOGISTICA DE MEDICAMENTOS
2026|3966,2026,3966,SERVICOS DE ABASTECIMENTO E DISTRIBUICAO DE AGUA
2026|3967,2026,3967,ADMINISTRAÇÃO DE BENS E DIREITOS DO ESTADO POR TERCEIROS
2026|3968,2026,3968,SERVICO DE IMPRENSA
2026|3969,2026,3969,CONTRATOS DE ENERGIA ELETRICA
2026|3971,2026,3971,SERVICOS TECN DE IMPLANTACAO GESTAO E ADM DO SIST DE OBSERV ELETRONICA
2026|3972,2026,3972,CONTRATOS DE ABASTECIMENTO DE AGUA E COLETA E TRATAMENTO DE ESGOTO
2026|3973,2026,3973,SERVICO DE ENGENHARIA PARA OPERACAO DE BENS DE DOMINIO PUBLICO
2026|3974,2026,3974,SERVICO DE REALIZACAO DE CONCURSO PUBLICO E PROCESSO SIMPLIFICADO
"2026|3975,2026,3975,""SERVICO DE GERENCIAMENTO, SUPERVISAO E FISCALIZACAO DE SERVICOS"""
2026|3976,2026,3976,SERVICO DE REMOCAO E TRANSPORTE DE CADAVERES
2026|3977,2026,3977,PATROCÍNIO
2026|3978,2026,3978,SERVICO DE APOIO ADMINISTRATIVO
2026|3980,2026,3980,ADESÃO AO PARCELAMENTO DECORRENTE DA LEI FEDERAL N.11.941/2009
2026|3981,2026,3981,SERVICO DE ELABORACAO DE ESTUDOS PREVIOS
2026|3982,2026,3982,SERVICOS TECNICOS JUDICIAIS - HONORARIOS JUSTICA GRATUITA
2026|3983,2026,3983,SERVIÇOS DE REALIZAÇÃO DE PROCESSO DE CERTIFICAÇÃO OCUPACIONAL
2026|3984,2026,3984,REMUNERAÇÃO PAGA PELO PODER EXECUTIVO AO TRIBUNAL DE JUSTIÇA DO ESTADO DE MINAS GERAIS REFERENTE AOS DEPÓSITOS JUDICIAIS LEI 21.720/2015
2026|3985,2026,3985,SERVIÇOS DE DESLOCAMENTO OU REMOÇÃO DE POSTES E REDE ELÉTRICA
2026|3986,2026,3986,DIREITOS AUTORAIS
2026|3987,2026,3987,SERVICOS DE GERENCIAMENTO E FORNECIMENTO DE COMBUSTIVEL
2026|3988,2026,3988,MULTA POR ATO INFRACIONAL
2026|3989,2026,3989,LOCAÇÃO OU FRETAMENTO DE AERONAVE
"2026|3990,2026,3990,""CURSOS DE FORMAÇÃO, CAPACITAÇÃO E TREINAMENTO DE TRIPULANTES DE AERONAVES"""
2026|3991,2026,3991,CONTRATAÇÃO PARA PRESTAÇÃO DE SERVIÇO POR CREDENCIADOS
2026|3992,2026,3992,CONTRATO DE GESTÃO COM ORGANIZAÇÃO SOCIAL – OS
2026|3993,2026,3993,APOIO A PROJETOS DE INCENTIVO E INOVAÇAO E A PESQUISA CIENTIFICA E TEC
2026|3994,2026,3994,CAPACITAÇÃO RELACIONADA AS ATIVIDADES DE AVIAÇÃO
2026|3995,2026,3995,SERVICOS NOTARIAIS E DE REGISTRO
2026|3996,2026,3996,TRANSFERENCIA ONEROSA DA POSSE DE IMOVEIS DE PROPRIEDADE DO ESTADO
2026|3997,2026,3997,HONORÁRIOS ADVOCATÍCIOS – ACORDOS EXTRAJUDICIAIS
2026|3998,2026,3998,SERVICOS DE SAUDE PRESTADOS CONTRATUALMENTE POR PESSOA JURIDICA
2026|3999,2026,3999,OUTROS SERVICOS PESSOA JURIDICA
2026|4002,2026,4002,SERVICO DE TECNOLOGIA DA INFORMACAO
2026|4003,2026,4003,SERVICO DE INFORMATICA EXECUTADO PELA PRODEMGE
2026|4004,2026,4004,SERVICO DE TELECOMUNICACAO
2026|4005,2026,4005,REDE IP MULTISSERVICOS
2026|4006,2026,4006,AQUISIÇÃO DE SOFTWARE
2026|4007,2026,4007,AQUISIÇÃO DE SOFTWARES DESENVOLVIDOS PELA PRODEMGE
2026|4008,2026,4008,DESENVOLVIMENTO DE SOFTWARES
2026|4009,2026,4009,DESENVOLVIMENTO DE SOFTWARES PELA PRODEMGE
2026|4101,2026,4101,CONTRIBUICOES
2026|4102,2026,4102,TRANSFERÊNCIAS AO FUNDHAB
2026|4103,2026,4103,CONTRIBUIÇÕES AO IPLEMG
2026|4104,2026,4104,CONTRIBUICOES DO FUNDO ESTADUAL DE SAUDE - FES - LC 141/2012
2026|4105,2026,4105,CONTRIBUIÇÕES À FUNDAÇÃO DE PREVIDÊNCIA COMPLEMENTAR DO ESTADO DE MINAS GERAIS -PREVCOM?MG
2026|4106,2026,4106,TRANSFERENCIA PARA FINANCIAMENTO DO TRANSPORTE ESCOLAR
2026|4107,2026,4107,TRANSFERÊNCIAS ENTRE FUNDOS ESTADUAIS
2026|4108,2026,4108,TRANSFERÊNCIAS ESPECIAIS A MUNICÍPIOS - EMENDAS
2026|4109,2026,4109,TRANSFERÊNCIAS ESPECIAIS A MUNICÍPIOS - OUTRAS
2026|4110,2026,4110,TRANSFERÊNCIAS AOS MUNICÍPIOS - LC Nº 194/2022
2026|4201,2026,4201,AUXILIOS
2026|4301,2026,4301,SUBVENCOES SOCIAIS
2026|4501,2026,4501,SUBVENCOES ECONOMICAS
2026|4502,2026,4502,SUBVENÇÃO ECONÔMICA - TRANSPORTE PÚBLICO COLETIVO
2026|4503,2026,4503,SUBVENÇÃO ECONÔMICA - APORTES METRÔ RMBH
2026|4504,2026,4504,SUBVENÇÃO ECONÔMICA - CULTURA
2026|4505,2026,4505,EQUALIZAÇÃO DA TAXA DE JUROS
2026|4601,2026,4601,AUXILIO-ALIMENTACAO - PECUNIA
2026|4602,2026,4602,AUXÍLIO ALIMENTAÇÃO ? BILHETE OU CARTÃO MAGNÉTICO
2026|4702,2026,4702,IMPOSTO DE RENDA - IR
2026|4703,2026,4703,IMPOSTO PREDIAL TERRITORIAL URBANO - IPTU
2026|4704,2026,4704,IMPOSTO SOBRE OPERACOES FINANCEIRAS - IOF
2026|4705,2026,4705,IMPOSTO SOBRE A PROPRIEDADE DE VEÍCULOS AUTOMOTORES - IPVA
2026|4706,2026,4706,CONTRIBUICAO PARA A FORMACAO DO PASEP/PIS
2026|4707,2026,4707,TAXA DE LIMPEZA PUBLICA E COLETA DE RESIDUOS
2026|4708,2026,4708,TAXA DE ILUMINACAO PUBLICA
2026|4709,2026,4709,TAXAS AMBIENTAIS
2026|4710,2026,4710,PASEP - ADESAO AO PARCELAMENTO DECORRENTE DE LEI ESPECIFICA
2026|4799,2026,4799,OUTROS - OBRIGACOES TRIBUTARIAS E CONTRIBUTIVAS
2026|4801,2026,4801,OUTROS AUXILIOS FINANCEIROS A PESSOAS FISICAS
2026|4802,2026,4802,AUXILIO FINANCEIRO ? PROGRAMA POUPANÇA JOVEM
2026|4803,2026,4803,AUXILIO PARA PROFISSIONAIS DE PROGRAMAS DE CAPACITACAO E FORMACAO
2026|4804,2026,4804,BOLSA DE RESIDÊNCIA JURÍDICA
2026|4901,2026,4901,AUXILIO-TRANSPORTE - PECUNIA
2026|4902,2026,4902,AUXILIO-TRANSPORTE - PODER LEGISLATIVO
2026|4903,2026,4903,DESPESA DE TRANSPORTE DEVIDA A SERVIDORES DOS PODERES DO ESTADO
2026|4904,2026,4904,AUXILIO TRANSPORTE BILHETE OU CARTAO MAGNETICO
2026|4905,2026,4905,AUXILIO TRANSPORTE PAGO A ESTAGIARIOS PECUNIA
2026|4906,2026,4906,AUXILIO TRANSPORTE PAGO A ESTAGIARIO BILHETE OU CARTAO MAGNETICO
2026|5101,2026,5101,ESTUDOS E PROJETOS DE BENS PATRIMONIAVEIS
2026|5102,2026,5102,EXECUÇÃO DIRETA DE OBRAS DE BENS PATRIMONIÁVEIS
2026|5103,2026,5103,EXECUCAO DE OBRAS POR CONTRATO DE BENS PATRIMONIAVEIS
2026|5104,2026,5104,INSTALAÇÕES PARA OBRAS EM ANDAMENTO
2026|5106,2026,5106,ESTUDOS E PROJETOS DE BENS NAO PATRIMONIAVEIS
2026|5107,2026,5107,EXECUCAO DE OBRAS POR CONTRATO DE BENS NAO PATRIMONIAVEIS
2026|5109,2026,5109,EXECUÇÃO DIRETA DE OBRAS DE BENS NÃO PATRIMONIÁVEIS
2026|5110,2026,5110,MATERIAL PARA OBRAS - BENS PATRIMONIÁVEIS
2026|5111,2026,5111,CONTRUÇÃO DE UNIDADES HABITACIONAIS
2026|5112,2026,5112,MATERIAL PARA OBRAS - BENS NAO PATRIMONIAVEIS
2026|5113,2026,5113,INSTALACAO PARA INCORPORACAO A BENS IMOVEIS
2026|5114,2026,5114,EXECUCAO DE OBRAS POR EMPRESAS CONTROLADAS
2026|5115,2026,5115,EXECUÇÃO DE OBRAS - METRÔ RMBH
2026|5201,2026,5201,AERONAVES E COMPONENTES ESTRUTURAIS
"2026|5202,2026,5202,""ANIMAIS DE TRABALHO, PRODUÇÃO E / OU REPRODUÇÃO"""
2026|5203,2026,5203,ARMAMENTO E EQUIPAMENTO DE USO POLICIAL
"2026|5204,2026,5204,""MAQUINAS, APARELHOS, UTENSILIOS E EQUIPAMENTOS DE USO INDUSTRIAL"""
"2026|5205,2026,5205,""EMBARCAÇÕES, PONTÕES, DIQUES, FLUTUANTES E COMPONENTES ESTRUTURAIS"""
2026|5206,2026,5206,EQUIPAMENTOS DE COMUNICACAO E TELEFONIA
2026|5207,2026,5207,EQUIPAMENTOS DE INFORMATICA
"2026|5208,2026,5208,""EQUIPAMENTOS DE SOM, VIDEO, FOTOGRAFICO E CINEMATOGRAFICO"""
"2026|5209,2026,5209,""EQUIPAMENTOS HOSPITALARES, ODONTOLOGICOS E DE LABORATORIO"""
"2026|5210,2026,5210,""FERRAMENTAS, EQUIP. E INSTRUMENTOS P/ OFICINA, MEDICAO E INSPECAO"""
"2026|5211,2026,5211,""INSTRUMENTOS DE LABORATORIO, MEDICOS E ODONTOLOGICOS"""
"2026|5212,2026,5212,""MAQUINAS, APARELHOS, UTENSILIOS E EQUIPAMENTOS  USO ADMINISTRATIVO"""
2026|5213,2026,5213,MATERIAL ESPORTIVO E RECREATIVO
2026|5214,2026,5214,MOBILIARIO
2026|5215,2026,5215,OBJETOS DE ARTE E ANTIGÜIDADES
"2026|5216,2026,5216,""TRATORES, SIMILARES E IMPLEMENTOS"""
2026|5217,2026,5217,VEICULOS
2026|5218,2026,5218,COLECAO E MATERIAIS BIBLIOGRAFICOS
2026|5219,2026,5219,INSTRUMENTOS MUSICAIS E ARTÍSTICOS
2026|5220,2026,5220,EQUIPAMENTOS DE SEGURANCA ELETRONICA
2026|5221,2026,5221,MATERIAL DIDÁTICO
2026|5222,2026,5222,ESTRUTURAS E COMPONENTES
2026|5223,2026,5223,MÁQUINAS E EQUIPAMENTOS GRÁFICOS
"2026|5224,2026,5224,""MÁQUINAS, INSTALAÇÕES E UTENSÍLIOS DE ESCRITÓRIO"""
2026|5225,2026,5225,APARELHOS E UTENSILIOS DOMESTICOS
"2026|5226,2026,5226,""EQUIPAMENTOS DE PROTECAO, SEGURANCA E SOCORRO"""
2026|5227,2026,5227,PECAS NAO INCORPORAVEIS A IMOVEIS
2026|5230,2026,5230,MÁQUINAS E EQUIPAMENTOS ENERGÉTICOS
2026|5299,2026,5299,OUTROS MATERIAIS PERMANENTES
2026|5301,2026,5301,APOSENTADORIAS DO RGPS - ÁREA RURAL
2026|5401,2026,5401,APOSENTADORIAS DO RGPS - ÁREA URBANA
2026|5501,2026,5501,PENSÕES DO RGPS - ÁREA RURAL
2026|5601,2026,5601,PENSÕES DO RGPS - ÁREA URBANA
2026|5701,2026,5701,OUTROS BENEFÍCIOS DO RGPS - ÁREA RURAL
2026|5801,2026,5801,OUTROS BENEFÍCIOS DO RGPS - ÁREA URBANA
2026|5902,2026,5902,PENSAO ESPECIAL - LEI N 552/49
2026|5903,2026,5903,PENSAO ESPECIFICA DOS INSTITUTOS DE PREVIDENCIA
2026|5904,2026,5904,PENSÃO DECORRENTE DE SENTENÇA JUDICIAL - SERVIDOR
2026|5905,2026,5905,PENSAO DECORRENTE DE SENTENCA JUDICIAL - TERCEIROS
2026|5906,2026,5906,SUBSÍDIO PENSÃO ESPECIAL DA EDUCAÇÃO
2026|5907,2026,5907,PENSAO ESPECIAL PARA AGENTES POLITICOS SERVIDORES PUBLICOS E ESTATAIS
2026|5908,2026,5908,PENSOES DECORRENTES DA LEI N 21527 2014
2026|6101,2026,6101,TERRENOS
2026|6102,2026,6102,SALAS E ESCRITÓRIOS
2026|6103,2026,6103,FAZENDAS
2026|6104,2026,6104,EDIFÍCIOS
2026|6105,2026,6105,IMÓVEIS PARA FINS DE TRANSFERÊNCIA A TERCEIROS
2026|6106,2026,6106,IMÓVEIS NECESSÁRIOS À REALIZAÇÃO DE OBRAS DE BENS PATRIMONIAVEIS
2026|6107,2026,6107,IMOVEIS NECESSARIOS A REALIZACAO DE OBRAS DE BENS NAO-PATRIMONIAVEIS
2026|6108,2026,6108,CASAS
2026|6201,2026,6201,AQUISIÇÃO DE PRODUTOS PARA REVENDA
2026|6301,2026,6301,AQUISIÇÃO DE TÍTULOS DE CRÉDITO
2026|6401,2026,6401,AQUISIÇÃO DE TÍTULOS REPRESENTATIVOS DE CAPITAL JÁ INTEGRALIZADO
2026|6501,2026,6501,CONSTITUICAO OU AUMENTO DE CAPITAL DE EMPRESAS-CAPITAL A INTEGRALIZAR
2026|6502,2026,6502,CONSTITUICAO OU AUMENTO DE CAPITAL DE EMPRESAS-CAPITAL INTEGRALIZADO
2026|6601,2026,6601,CONCESSÃO DE EMPRÉSTIMOS E FINANCIAMENTOS
2026|6602,2026,6602,EMPRÉSTIMOS E FINANCIAMENTOS ? FUNDOS DE DESENVOLVIMENTO
2026|6603,2026,6603,CONCESSAO DE FINANCIAMENTOS HABITACIONAIS
2026|6701,2026,6701,DEPÓSITOS COMPULSÓRIOS
2026|7001,2026,7001,RATEIO PELA PARTICIPAÇÃO EM CONSÓRCIO PÚBLICO
2026|7101,2026,7101,PRINCIPAL DA DIVIDA INTERNA POR CONTRATOS
2026|7102,2026,7102,PRINCIPAL DA DIVIDA EXTERNA POR CONTRATOS
2026|7103,2026,7103,PRINCIPAL DA DIVIDA COM OS INSTITUTOS DE PREVIDENCIA
2026|7104,2026,7104,PRINCIPAL DO PARCELAMENTO DA DIVIDA PREVIDENCIARIA - INSS
2026|7106,2026,7106,PRINCIPAL DE OUTRAS DIVIDAS RENEGOCIADAS
2026|7107,2026,7107,PRINCIPAL DO PARCELAMENTO DA DIVIDA REFERENTE AO PASEP
2026|7108,2026,7108,PRINCIPAL DA DÍVIDA INTERNA POR CONTRATOS REFINANCIADA
2026|7109,2026,7109,PRINCIPAL DE EXECUÇÃO DE GARANTIAS HONRADAS PELA UNIÃO
2026|7110,2026,7110,PRINCIPAL DA DÍVIDA REFERENTE À REGULARIZAÇÃO DA COMPENSAÇÃO DAS PERDAS DE ARRECADAÇÃO DO ICMS
2026|7201,2026,7201,PRINCIPAL DA DÍVIDA MOBILIÁRIA INTERNA
2026|7202,2026,7202,PRINCIPAL DA DÍVIDA MOBILIÁRIA EXTERNA
2026|7301,2026,7301,CORREÇÃO MONETÁRIA OU CAMBIAL DA DÍVIDA INTERNA
2026|7302,2026,7302,CORREÇÃO MONETÁRIA OU CAMBIAL DA DÍVIDA EXTERNA POR CONTRATOS
2026|7401,2026,7401,CORREÇÃO MONETÁRIA OU CAMBIAL DA DÍVIDA MOBILIÁRIA INTERNA
2026|7402,2026,7402,CORREÇÃO MONETÁRIA OU CAMBIAL DA DÍVIDA MOBILIÁRIA EXTERNA
2026|7501,2026,7501,CORREÇÃO MONETÁRIA DA DÍVIDA DE OPERAÇÕES DE CRÉDITO POR ANTECIPAÇÃO DE RECEITA
2026|7601,2026,7601,PRINCIPAL DA DÍVIDA MOBILIÁRIA INTERNA
2026|7602,2026,7602,PRINCIPAL DA DÍVIDA MOBILIÁRIA EXTERNA
2026|7701,2026,7701,PRINCIPAL CORRIGIDO DA DÍVIDA CONTRATUAL REFINANCIADO
2026|8102,2026,8102,COTA PARTE DO IPVA
2026|8103,2026,8103,COTA PARTE DO ICMS
2026|8104,2026,8104,COTA PARTE DO IPI
2026|8105,2026,8105,COTA PARTE DA CIDE
2026|8106,2026,8106,TRANSFERÊNCIAS FUNDEB - PARCELAS REFERENTES AO FEM
2026|8199,2026,8199,OUTRAS TRANSFERÊNCIAS
2026|8201,2026,8201,APORTE DE RECURSOS PELO PARCEIRO PÚBLICO EM FAVOR DO PARCEIRO PRIVADO DECORRENTE DE CONTRATO DE PARCERIA PÚBLICO-PRIVADA - PPP
2026|8301,2026,8301,PARCELAS DAS CONTRAPRESTACOES REFERENTES A REMUNERACAO DO PARCEIRO
2026|8302,2026,8302,PARCELAMENTO DOS INVESTIMENTOS REALIZADOS PELO PARCEIRO PRIVADO COM A REALIZAÇÃO DE OBRAS E AQUISIÇÃO DE BENS REVERSÍVEIS
2026|8303,2026,8303,OUTRAS DESPESAS DECORRENTES DE CONTRATO DE PARCERIA PUBLICO-PRIVADA
"2026|8401,2026,8401,""DESPESAS DECORRENTES DA PARTICIPAÇÃO EM FUNDOS, ORGANISMOS, OU ENTIDADES ASSEMELHADAS, NACIONAIS E INTERNACIONAIS"""
2026|8402,2026,8402,DESPESAS DECORRENTES DA PARTICIPAÇÃO NO FUNDO DE EQUALIZAÇÃO FEDERATIVA
2026|8501,2026,8501,CONTRATO DE GESTAO COM ORGANIZACAO SOCIAL - OS
2026|8502,2026,8502,CONTRATO DE GESTAO COM SERVICO SOCIAL AUTONOMO - SSA
2026|8601,2026,8601,COMPENSACAO FINANCEIRA DOS REGIMES DE PREVIDENCIA
2026|9102,2026,9102,PRECATORIOS - PESSOAL
2026|9103,2026,9103,REQUISITÓRIO DE PEQUENO VALOR - RPV
2026|9107,2026,9107,PRECATORIOS - OUTROS
2026|9108,2026,9108,OUTRAS DECISOES JUDICIAIS - DEPOSITO EM CONTA CORRENTE OU A DISPOSICAO
2026|9109,2026,9109,SENTENÇA ARBITRAL
2026|9110,2026,9110,SERVICOS DE SAUDE PRESTADO POR PESSOA FISICA - DECISAO JUDICIAL
2026|9111,2026,9111,SERVICOS DE SAUDE PRESTADO POR PESSOA JURIDICA - DECISAO JUDICIAL
2026|9112,2026,9112,MEDICAMENTOS E MATERIAL MEDICO HOSPITALAR - DECISAO JUDICIAL
2026|9113,2026,9113,INDENIZACOES DETERMINADAS POR DECISOES JUDICIAIS
2026|9114,2026,9114,PRODUTOS ALIMENTÍCIOS – DECISÃO JUDICIAL
"2026|9115,2026,9115,""LOCAÇÃO DE MÁQUINAS, APARELHOS E OUTROS EQUIPAMENTOS HOSPITALARES – DECISÃO JUDICIAL"""
2026|9116,2026,9116,ADVOGADOS DATIVOS - SENTENCAS JUDICIAIS
2026|9117,2026,9117,ACORDOS ADMINISTRATIVOS OU JUDICIAIS FIRMADOS COM A CONCILIAÇÃO E MEDIAÇÃO DA CPRAC OU COMPOR
2026|9118,2026,9118,OUTRAS SENTENÇAS JUDICIAIS
2026|9201,2026,9201,DESPESAS DE EXERCICIOS ANTERIORES - PESSOAL
2026|9202,2026,9202,DESPESAS DE EXERCICIOS ANTERIORES - OUTRAS DESPESAS
2026|9203,2026,9203,DESPESA DE EXERCICIOS ANTERIORES - OBRIGACOES PATRONAIS
2026|9204,2026,9204,DESPESAS DE EXERCÍCIOS ANTERIORES - FÉRIAS-PRÊMIO
2026|9301,2026,9301,AJUDA DE CUSTO
2026|9302,2026,9302,AJUDA DE CUSTO ESPECIAL
2026|9303,2026,9303,PERDAS DECORRENTES DE APLICAÇÕES FINANCEIRAS
2026|9304,2026,9304,DESPESAS REFERENTES A RESSARCIMENTO PREVISTO NO PROGRAMA PRIMEIRO EMPREGO DO ESTADO DE MINA GERAIS
2026|9305,2026,9305,DESPESAS DECORRENTES DE CONTRATOS DE CONCESSAO OU PERMISSAO
"2026|9306,2026,9306,""REST DE REC DE CONVENIOS, DE CONTRAPARTIDAS E INSTRUMENTOS CONGENERES"""
2026|9307,2026,9307,RESSARCIMENTO REFERENTE A PESSOAL REQUISITADO DA ADMINITRACAO ESTADUAL
2026|9308,2026,9308,DESPESAS DE CARATER INDENIZATORIO RELATIVAS AO MANDATO PARLAMENTAR
2026|9309,2026,9309,PREMIO DE PRODUTIVIDADE
2026|9310,2026,9310,RESTITUICAO DE RECEITA - EXERCICIO ANTERIOR
2026|9311,2026,9311,COMPENSAÇÃO FINANCEIRA DOS REGIMES DE PREVIDÊNCIA
2026|9312,2026,9312,INDENIZACAO POR UTILIZACAO DE BENS DE TERCEIROS
2026|9313,2026,9313,REEMBOLSO DE DESPESAS MEDICO-HOSPITALARES
2026|9314,2026,9314,INDENIZAÇÕES DETERMINADAS POR DECISÕES JUDICIAIS
2026|9315,2026,9315,INDENIZAÇÃO DECORRENTE DE RESCISÃO UNILATERAL
2026|9316,2026,9316,INDENIZACOES DETERMINADAS POR LEI ESPECIFICA
2026|9317,2026,9317,INDENIZACAO EXERCICIO DO CARGO DE CONSEL PRES E PROCURADOR JUNTO AO TC
2026|9318,2026,9318,AUXILIO MORADIA DE CARATER INDENIZATORIO RELATIVO AO MANDATO PARLAMENT
2026|9319,2026,9319,INDENIZAÇÕES DECORRENTES DA UTILIZAÇÃO DE LEITOS DE INSTITUIÇÕES DE SAÚDE PRIVADAS
2026|9323,2026,9323,INDENIZACAO DECORRENTE DE AUXILIO SAUDE
2026|9324,2026,9324,AUXÍLIO-MORADIA DE CARÁTER INDENIZATÓRIO DEVIDO A MAGISTRADO
2026|9325,2026,9325,AUXÍLIO-MORADIA DE CARÁTER INDENIZATÓRIO DEVIDO PELO TCE
"2026|9326,2026,9326,""RESTITUICAO REFERENTE A TAXA DE INSCRIÇÃO, MATERIAL E SIMILARES"""
2026|9327,2026,9327,INDENIZACAO DE TRANSPORTE DEVIDA AO OFICIAL DE JUSTICA
2026|9328,2026,9328,PENSÃO ACIDENTÁRIA
2026|9329,2026,9329,RESSARCIMENTO SOBRE A REMUNERACAO DOS PRESOS EM TRABALHO
2026|9330,2026,9330,REEMBOLSO DE DESPESA REALIZADA EM CONTRATOS OU CONVÊNIOS FIRMADOS EM REGIME DE PARCERIA COM O PODER EXECUTIVO
2026|9331,2026,9331,RESTITUICAO DE RECURSOS DE DEPOSITOS JUDICIAIS
2026|9332,2026,9332,DESPESAS COM O REPASSE A MUNICÍPIOS DEVIDO À COMPENSAÇÃO DAS PARCELAS VINCENDAS DOS CONTRATOS DE DÍVIDAS DO ESTADO COM AS PERDAS RELACIONADAS AO ICMS
2026|9333,2026,9333,RESTITUIÇÃO DE RECURSOS – LC 151/2015
2026|9334,2026,9334,RECOMPOSIÇÃO DOS DEPÓSITOS JUDICIAIS – LC 151/2015
2026|9335,2026,9335,RESTITUIÇÃO DE RECURSOS DE DEPÓSITOS ADMINISTRATIVOS E JUDICIAIS
2026|9336,2026,9336,RECOMPOSIÇÃO DA COMPENSAÇÃO FINANCEIRA DOS REGIMES DE PREVIDÊNCIA – LC Nº184/2025
2026|9399,2026,9399,OUTRAS INDENIZACOES E RESTITUICOES
2026|9401,2026,9401,INDENIZACOES E RESTITUICOES TRABALHISTAS
2026|9402,2026,9402,FÉRIAS - PRÊMIO - RECRUTAMENTO AMPLO
2026|9501,2026,9501,INDENIZAÇÃO PELA EXECUÇÃO DE TRABALHOS DE CAMPO
2026|9601,2026,9601,RESSARCIMENTO DE DESPESAS DE PESSOAL REQUISITADO
2026|9701,2026,9701,APORTE PARA COBERTURA DO DÉFICIT ATUARIAL DO RPPS
2026|9801,2026,9801,COMPENSAÇÕES AO RGPS
