chave_acao,ano,acao_cod,acao_desc
2026|1001,2026,1001,GESTAO DO SISTEMA DE FINANCIAMENTO A CULTURA
2026|1002,2026,1002,DIVISA TRIBUTARIA SEGURA
2026|1003,2026,1003,PROCEDIMENTO DE POLICIA JUDICIARIA ELETRONICO - PPJ-E
2026|1004,2026,1004,MODERNIZACAO DA IDENTIFICACAO CIVIL E CRIMINAL
2026|1005,2026,1005,PROJETO DELEGACIA RURAL
2026|1006,2026,1006,ENFRENTAMENTO A VIOLENCIA CONTRA A MULHER
2026|1007,2026,1007,MODERNIZACAO DA POLICIA JUDICIARIA
2026|1008,2026,1008,PROJETO CONVIVENCIA COM A SECA E ESTIAGEM
2026|1009,2026,1009,REAPARELHAMENTO E APERFEICOAMENTO INSTITUICIONAL
2026|1010,2026,1010,FOMENTO A UTILIZACAO DE METODOS ALTERNATIVOS DE SOLUCAO DE CONFLITOS
2026|1011,2026,1011,CAPACITACAO DOS PROFISSIONAIS DA FUCAM PARA ATENDIMENTO ADEQUADO A PESSOAS COM DEFICIENCIAS
2026|1012,2026,1012,APERFEICOAMENTO DA GESTAO DA AGE
"2026|1013,2026,1013,""REPRESENTACAO JUDICIAL, COBRANCA DA DIVIDA ATIVA E ASSESSORAMENTO JURIDICO AO ESTADO E ENTIDADES"""
"2026|1014,2026,1014,""REESTRUTURACAO LOGISTICA, TECNOLOGICA E DE COBRANCA DA DIVIDA ATIVA DA AGE"""
2026|1015,2026,1015,REVITALIZACAO DAS UNIDADES FAZENDARIAS
2026|1016,2026,1016,PROMOCAO DE INFRAESTRUTURA HIDRICA DE PEQUENO PORTE NO NORTE E NORDESTE DE MINAS GERAIS
"2026|1018,2026,1018,""CONSTRUCAO, AMPLIACAO E REFORMA DAS UNIDADES ACADEMICAS E DOS CAMPI DA UEMG"""
2026|1019,2026,1019,APRIMORAMENTO DE SISTEMA ELETRONICO
2026|1020,2026,1020,IMPLANTACAO DOS HOSPITAIS REGIONAIS
2026|1021,2026,1021,VACINA MAIS MINAS
2026|1022,2026,1022,SAUDE EM REDE
2026|1023,2026,1023,CENTRO DE PESQUISA AMBIENTAL E INOVACAO TECNOLOGICA
2026|1024,2026,1024,COMPLEXO ESPORTIVO HELENA ANTIPOFF
2026|1030,2026,1030,REALIZACAO DE INTERVENCOES DE MELHORIA DA ACESSIBILIDADE NOS ESPACOS DA FUCAM
2026|1032,2026,1032,PROMOCAO DO ACESSO A EQUIPAMENTOS DE ARMAZENAGEM E DISTRIBUICAO DE RECURSOS HIDRICOS NO NORTE E NORD
2026|1033,2026,1033,MODALIDADES E TEMATICAS ESPECIAIS
2026|1035,2026,1035,REQUALIFICACAO URBANA E AMBIENTAL DO RIBEIRAO ARRUDAS -  PAC ARRUDAS COMPLEMENTO
2026|1036,2026,1036,CONTENCAO DE ENCOSTAS EM AREAS DE RISCO - PAC ENCOSTAS
"2026|1037,2026,1037,""INTERVENCOES NA INFRAESTRUTURA RODOVIARIA ESTADUAL, MUNICIPAL E REGIONAL"""
2026|1038,2026,1038,REQUALIFICACAO URBANA E AMBIENTAL DO RIBEIRAO ARRUDAS -  PAC FNHIS
2026|1039,2026,1039,REQUALIFICACAO URBANA E AMBIENTAL E CONTROLE DE CHEIAS DO CORREGO FERRUGEM - PAC FERRUGEM
2026|1040,2026,1040,REQUALIFICACAO URBANA E AMBIENTAL E CONTROLE DE CHEIAS DO CORREGO FERRUGEM - PAC FERRUGEM (VALE)
2026|1041,2026,1041,REQUALIFICACAO URBANA E AMBIENTAL E DE CONTROLE DE CHEIAS DO CORREGO RIACHO DAS PEDRAS - PAC RIACHO
2026|1042,2026,1042,REQUALIFICACAO URBANA E AMBIENTAL E DE CONTROLE DE CHEIAS DO CORREGO RIACHO DAS PEDRAS (VALE)
2026|1043,2026,1043,PROMOCAO DO SANEAMENTO BASICO
2026|1044,2026,1044,APOIO A COMERCIALIZACAO ELETRONICA POR MEIO DE PLATAFORMA MARKETPLACE
2026|1045,2026,1045,CADASTRAMENTO DE AGRICULTORES/POSSEIROS COM FINS DE REGULARIZACAO FUNDIARIA DE TERRAS DEVOLUTAS RURA
2026|1046,2026,1046,APOIO A ESTRUTURACAO E AO REAPARELHAMENTO DE UNIDADES PRISIONAIS E SOCIOEDUCATIVAS
2026|1047,2026,1047,MODERNIZACAO E EXPANSAO DO SISTEMA PRISIONAL - REPARACAO BRUMADINHO
2026|1048,2026,1048,MODERNIZACAO E EXPANSAO DO SISTEMA PRISIONAL
2026|1049,2026,1049,SEGURANCA HIDRICA NA RMBH
2026|1050,2026,1050,EXPANSAO DA DEFENSORIA PUBLICA NO ESTADO
2026|1051,2026,1051,IMPLEMENTACAO DA CADEIA DE CUSTODIA DA PROVA EM MINAS GERAIS
2026|1052,2026,1052,APRIMORAMENTO DA INVESTIGACAO DE HOMICIDIOS
2026|1053,2026,1053,AGROEXTRATIVISMO
2026|1054,2026,1054,PRODUCAO DE INFORMACOES E CONHECIMENTOS DE JUSTICA E SEGURANCA PUBLICA
2026|1055,2026,1055,VALE DO LITIO
"2026|1056,2026,1056,""FOMENTO  AO COOPERATIVISMO, ASSOCIATIVISMO E AS MICRO E PEQUENAS EMPRESAS DA BACIA DO RIO DOCE (COOP"""
2026|1057,2026,1057,CREDITO A EMPRESAS DA BACIA DO RIO DOCE
2026|1058,2026,1058,FORMACAO CULTURAL
2026|1059,2026,1059,GARANTIA DE CREDITOS A EMPRESAS DA BACIA DO RIO DOCE
2026|1060,2026,1060,PROJETO ESCOLAS CIVICO-MILITARES
2026|1061,2026,1061,PARCERIAS PARA O PATRIMONIO CULTURAL
"2026|1062,2026,1062,""QUALIFICACAO PROFFISSIONAL E CURSOS COMPLEMENTARES, LIVRES, DE FORMACAO INICIAL E CONTINUADA"""
"2026|1064,2026,1064,""CONSTRUCAO, AMPLIACAO E REFORMA DE SEDES PROPRIAS"""
2026|1066,2026,1066,ACERVO OU BEM CULTURAL RESTAURADO ENTREGUE
2026|1068,2026,1068,SETOR PRODUTIVO MAIS INOVADOR
2026|1069,2026,1069,FORMACAO E RETENCAO DE TALENTOS EM AREAS TECNOLOGICAS
2026|1071,2026,1071,MINAS LIVRE PARA CRESCER
2026|1072,2026,1072,DESENVOLVIMENTO DOS ARRANJOS PRODUTIVOS LOCAIS
2026|1073,2026,1073,FOMENTO AOS PEQUENOS NEGOCIOS
2026|1074,2026,1074,TRANSFORMACAO DIGITAL DO SISEMA
2026|1075,2026,1075,FONTES RENOVAVEIS DE ENERGIA
2026|1076,2026,1076,REGULACAO DO GAS NATURAL E DERIVADOS
2026|1077,2026,1077,GESTAO DA POLITICA MINERARIA
2026|1078,2026,1078,LOGISTICA E MOBILIDADE DO FUTURO
2026|1079,2026,1079,PROMOCAO DO COMERCIO EXTERIOR MINEIRO
2026|1081,2026,1081,INVISTA EM MINAS - PROMOCAO DE INVESTIMENTOS
2026|1082,2026,1082,MINAS REURB SEDE
2026|1083,2026,1083,DISCRIMINACAO E ARRECADACAO DE TERRAS E GESTAO DOS ARRENDAMENTOS
2026|1084,2026,1084,MODERNIZACAO DA GESTAO DOS IMOVEIS DO ESTADO DE MINAS GERAIS
2026|1085,2026,1085,ABRIGOS E CAMINHOS NA CA
"2026|1087,2026,1087,""FOMENTO A CIENCIA, PESQUISA, DESENVOLVIMENTO, INOVACAO E A TRANSFERENCIA DE TECNOLOGIA"""
"2026|1088,2026,1088,""FOMENTO A AMBIENTES E ESTRUTURAS DE APOIO A PESQUISA, DESENVOLVIMENTO E INOVACAO"""
2026|1090,2026,1090,IMPLEMENTACAO DA POLITICA DE DESESTATIZACAO
2026|1091,2026,1091,INTEGRACAO DAS CADEIAS PRODUTIVAS
2026|1092,2026,1092,DESENVOLVIMENTO DO ESPORTE ESCOLAR
2026|1093,2026,1093,PROGRAMA DE RECOMPOSICAO DAS APRENDIZAGENS - PRA
2026|1094,2026,1094,GESTAO PELA APRENDIZAGEM
2026|1095,2026,1095,IMPLANTACAO DE BARRAGENS HIDROAGRICOLAS
2026|1096,2026,1096,APROXIMACAO SUAS
2026|1098,2026,1098,POTENCIALIZACAO DO SERVICO DE PREVENCAO E RESPOSTA CONTRA INCENDIO E PANICO
2026|1099,2026,1099,IMPLANTACAO E ESTRUTURACAO DE DEFENSORIAS ESPECIALIZADAS E NUCLEOS DA DEFENSORIA PUBLICA
2026|1100,2026,1100,PROMOCAO DO DESENVOLVIMENTO SOCIOECONOMICO E ACESSO A INFRAESTRUTURA DO NORTE E NORDESTE DE MINAS GE
2026|2001,2026,2001,ASSESSORIA DE PUBLICIDADE
2026|2002,2026,2002,ASSESSORIA DE IMPRENSA
2026|2003,2026,2003,ASSESSORIA DE COMUNICACAO DIGITAL
2026|2004,2026,2004,MODERNIZACAO DE SISTEMAS FAZENDARIOS LEGADOS
2026|2005,2026,2005,TRANSFORMACAO DIGITAL
"2026|2006,2026,2006,""PROPOSICAO, AMPLIACAO E SUSTENTACAO DE SOLUCOES E ATENDIMENTO AOS USUARIOS DE TIC"""
2026|2007,2026,2007,SUSTENTACAO DO DATA CENTER
2026|2008,2026,2008,SAUDE DO SERVIDOR
2026|2009,2026,2009,DIRECAO ADMINISTRATIVA
2026|2011,2026,2011,COLEGIO ORDEM E PROGRESSO
2026|2012,2026,2012,ASSESSORAMENTO E GESTAO DA ASSISTENCIA A SAUDE
2026|2013,2026,2013,DIRECAO ADMINISTRATIVA
"2026|2014,2026,2014,ASSESSORAMENTO E GESTAO PREVIDENCIARIA 				"
2026|2015,2026,2015,CERTIFICACOES PELO NUCLEO DE FORMACAO PRESENCIAL E A DISTANCIA
2026|2016,2026,2016,MODERNIZACAO DA GESTAO E INOVACAO DO TESOURO ESTADUAL
2026|2017,2026,2017,APOIO A POLITICA DE SAUDE PARA OS MILITARES
2026|2018,2026,2018,APOIO AO SISTEMA DE PROTECAO SOCIAL DOS MILITARES DE MINAS GERAIS
2026|2019,2026,2019,GERENCIAMENTO E SUPORTE AS ATIVIDADES LIGADAS A CONTADORIA GERAL DO ESTADO DE MINAS GERAIS
2026|2020,2026,2020,FORMACAO EM OUVIDORIA - CAPACITAR PARA MELHOR ATENDER O CIDADAO
"2026|2021,2026,2021,""ASSISTENCIA MEDICA, ODONTOLOGICA, PSICOLOGICA E FISIOTERAPICA AOS BOMBEIROS MILITARES E SEUS DEPENDE"""
2026|2022,2026,2022,INTERVENCOES COLETIVAS E SOCIOEMOCIONAIS REALIZADAS NA CLINICA PSICOPEDAGOGICA EDOUARD CLAPAREDE
2026|2023,2026,2023,POLITICAS E ACOES DE TECNOLOGIAS DA INFORMACAO E COMUNICACAO (TIC)
2026|2024,2026,2024,GESTAO REGIONAL EM SAUDE
2026|2025,2026,2025,GESTAO DE SERVICOS DE TIC
"2026|2026,2026,2026,""SATISFACAO, RECONHECIMENTO E EDUCACAO NA SAUDE"""
2026|2027,2026,2027,CENTRO DO AUTISMO E INCLUSAO ANTIPOFFIANO
2026|2028,2026,2028,DIRECAO DA POLITICA INSTITUCIONAL
2026|2029,2026,2029,ADMINISTRACAO E OPERACIONALIZACAO DA ARRECADACAO DO FUNTRANS
2026|2030,2026,2030,CUMPRIMENTO ADMINISTRATIVO DE DETERMINACOES JUDICIAIS DECORRENTES DO ACESSO GRATUITO A JUSTICA
2026|2031,2026,2031,GESTAO DE PROJETOS E ACOES DE PUBLICIDADE E PROPAGANDA
"2026|2032,2026,2032,""GERENCIAMENTO E SUPORTE AS ATIVIDADES LIGADAS A GOVERNANCA DE ATIVOS, RISCOS FISCAIS E DA DIVIDA PUB"""
2026|2033,2026,2033,DESENVOLVIMENTO DO SISTEMA DE SEGURANCA ALIMENTAR E NUTRICIONAL EM MINAS GERAIS (SISAN MG)
2026|2034,2026,2034,APOIO AOS PROGRAMAS DE ALIMENTACAO ESCOLAR
2026|2035,2026,2035,APOIO E COORDENACAO DE POLITICAS INTERSETORIAIS DE DESENVOLVIMENTO SOCIAL NO CONTEXTO DO PROGRAMA PE
"2026|2036,2026,2036,""DESENVOLVIMENTO DE ESTUDOS, PESQUISAS, FERRAMENTAS DE MONITORAMENTO E AVALIACAO EM DESENVOLVIMENTO S"""
2026|2037,2026,2037,FOMENTO A INOVACAO E APRIMORAMENTO DE PROJETOS DE DESENVOLVIMENTO SOCIAL
2026|2038,2026,2038,SUPORTE FUNCIONAL PARA AREA EDUCACIONAL
2026|2039,2026,2039,ASSESSORAMENTO E GESTAO DAS UNIDADES REGIONAIS DO IPSEMG
2026|2040,2026,2040,RECRUTAMENTO E SELECAO DE PESSOAL
2026|2041,2026,2041,CERIMONIAL E EVENTOS
2026|2042,2026,2042,ACOMPANHAMENTO DO PROCESSO LEGISLATIVO
2026|2043,2026,2043,FISCALIZACAO DOS INSTRUMENTOS DE REPASSES DE RECURSOS NO AMBITO DO PROGRAMA DE APOIO AO DESENVOLVIME
"2026|2044,2026,2044,""PRODUCAO, MODERNIZACAO E AMPLIACAO DO ACESSO AO ACERVO DO DOMG-E"""
2026|2045,2026,2045,EXECUCAO DO PROGRAMA DE APOIO AO DESENVOLVIMENTO MUNICIPAL - PADEM
2026|2046,2026,2046,ATENDIMENTO AS DEMANDAS DA PARTICIPACAO CIDADA
2026|2047,2026,2047,AUXILIOS CONCEDIDOS A MAGISTRADOS E SERVIDORES
2026|2048,2026,2048,TRANSFERENCIAS ESPECIAIS
2026|2049,2026,2049,ENCARGOS DA ADMINISTRACAO FINANCEIRA CENTRAL
"2026|2050,2026,2050,""GESTAO, OTIMIZACAO E MANUTENCAO DOS REGULAMENTOS E SISTEMAS DE COORDENACAO E OPERACIONALIZACAO DAS T"""
2026|2051,2026,2051,GESTAO E OPERACIONALIZACAO DE EMENDAS PARLAMENTARES ESTADUAIS
2026|2052,2026,2052,GESTAO E OPERACAO DO CENTRO DE CULTURA PRESIDENTE ITAMAR FRANCO
2026|2053,2026,2053,REMUNERACAO DE MAGISTRADOS DA ATIVA E ENCARGOS SOCIAIS
2026|2054,2026,2054,REMUNERACAO DE SERVIDORES DA ATIVA E ENCARGOS SOCIAIS
2026|2055,2026,2055,AUXILIOS CONCEDIDOS A MAGISTRADOS E SERVIDORES
2026|2056,2026,2056,REAPARELHAMENTO E APERFEICOAMENTO INSTITUCIONAL
2026|2057,2026,2057,DEMAIS ASSISTENCIAS
2026|2058,2026,2058,ENSINO FUNDAMENTAL DOS COLEGIOS TIRADENTES DA POLICIA MILITAR
2026|2059,2026,2059,ENSINO MEDIO DOS COLEGIOS TIRADENTES DA POLICIA MILITAR
2026|2060,2026,2060,ASSISTENCIA A SAUDE
2026|2061,2026,2061,EDUCACAO PROFISSIONAL DE SEGURANCA PUBLICA
2026|2062,2026,2062,REPRESENTACAO E DEFESA DOS INTERESSES DO ESTADO DE MINAS GERAIS EM BRASILIA
2026|2063,2026,2063,COMUNICACOES OPERACIONAIS
2026|2064,2026,2064,GESTAO DAS SUPERINTENDENCIAS REGIONAIS DE ENSINO
2026|2065,2026,2065,CAPACITACAO E TREINAMENTO POLICIAL-MILITAR PARA PROTECAO E DEFESA CIVIL
2026|2066,2026,2066,MINAS INTERNACIONAL
2026|2067,2026,2067,DESENVOLVIMENTO DA EDUCACAO ESPECIAL
"2026|2068,2026,2068,""CAPACITACAO DE MEMBROS, SERVIDORES E CIDADAOS  POR MEIO DA ESCOLA SUPERIOR DA DEFENSORIA PUBLICA"""
2026|2069,2026,2069,APRIMORAMENTO E MODERNIZACAO INSTITUCIONAL
"2026|2070,2026,2070,""COORDENACAO DO PROCESSO DE CAPTACAO DE RECURSOS E PARCERIAS, MONITORAMENTO DE CONVENIOS DE ENTRADA,"""
2026|2071,2026,2071,APOIO AS ACOES DO FUNDO DE ESTADUAL DE SEGURANCA PUBLICA
2026|2072,2026,2072,APRIMORAMENTO INSTITUCIONAL
2026|2073,2026,2073,REAPARELHAMENTO E APERFEICOAMENTO INSTITUCIONAL
2026|2074,2026,2074,APRIMORAMENTO DA REDE SOCIOASSISTENCIAL
2026|2075,2026,2075,ADMINISTRACAO DA CARTEIRA DE FINANCIAMENTOS NO AMBITO DO FUNDO ESTADUAL DE HABITACAO - FEH
2026|2076,2026,2076,GESTAO E MONITORAMENTO DE CONVENIOS E PARCERIAS
2026|2077,2026,2077,REMUNERACAO DE MAGISTRADOS DA ATIVA E ENCARGOS SOCIAIS
2026|2078,2026,2078,REMUNERACAO DE SERVIDORES DA ATIVA E ENCARGOS SOCIAIS
2026|2079,2026,2079,APOIO FINANCEIRO E MATERIAL AS INSTITUICOES NA PROMOCAO DO DESENVOLVIMENTO SOCIAL
2026|2080,2026,2080,EDUCACAO INTEGRAL - ENSINO FUNDAMENTAL
2026|2081,2026,2081,ENSINO FUNDAMENTAL - APOIO ADMINISTRATIVO
2026|2082,2026,2082,ENSINO FUNDAMENTAL - EDUCACAO DE JOVENS E ADULTOS - EJA
2026|2084,2026,2084,EDUCACAO ESPECIAL - PROFISSIONAIS TECNICO-ADMINISTRATIVOS
2026|2085,2026,2085,ENSINO FUNDAMENTAL - PROFISSIONAIS DO MAGISTERIO
2026|2086,2026,2086,ENSINO MEDIO - APOIO ADMINISTRATIVO
2026|2087,2026,2087,RESERVA PARA ATENDIMENTO DAS EMENDAS PARLAMENTARES INDIVIDUAIS VINCULADAS AS ACOES E SERVICOS PUBLIC
2026|2088,2026,2088,ENSINO MEDIO - EDUCACAO DE JOVENS E ADULTOS - EJA
2026|2090,2026,2090,ENSINO MEDIO - PROFISSIONAIS DO MAGISTERIO
2026|2091,2026,2091,OBRAS E GESTAO PREDIAL
2026|2092,2026,2092,EDUCACAO INFANTIL
2026|2093,2026,2093,EDUCACAO INTEGRAL - ENSINO MEDIO
2026|2094,2026,2094,EDUCACAO PROFISSIONAL
2026|2095,2026,2095,DESENVOLVIMENTO E CAPACITACAO DE PESSOAL
2026|2096,2026,2096,PROFISSIONAIS DO ORGAO CENTRAL
2026|2097,2026,2097,PROFISSIONAIS DAS SUPERINTENDENCIAS REGIONAIS DE ENSINO - SRE
2026|2098,2026,2098,PROFISSIONAIS DO CONSELHO ESTADUAL DE EDUCACAO
2026|2099,2026,2099,TRILHAS DE FUTURO - EDUCADORES
2026|2100,2026,2100,EDUCACAO ESPECIAL - PROFISSIONAIS DO MAGISTERIO
2026|2101,2026,2101,PROGRAMA ESTADUAL DE ALIMENTACAO ESCOLAR - PEAE
2026|2102,2026,2102,PROGRAMA NACIONAL DE ALIMENTACAO ESCOLAR - PNAE
2026|2103,2026,2103,FORTALECIMENTO DO CORPO TECNICO DAS ESCOLAS CIVICO-MILITARES POR MEIO DE MILITARES DA RESERVA DO CBM
2026|2104,2026,2104,FORTALECIMENTO DO PROGRAMA ESCOLA SEGURA POR MEIO DE MILITARES DO CBMMG
2026|2105,2026,2105,PROJETO SOMAR
2026|2106,2026,2106,FORTALECIMENTO DO PROGRAMA ESCOLA SEGURA POR MEIO DE MILITARES DA PMMG
2026|2107,2026,2107,AVALIACOES EDUCACIONAIS
"2026|2109,2026,2109,""FORMACAO, APERFEICOAMENTO E DESENVOLVIMENTO CONTINUO DE PESSOAS"""
2026|2110,2026,2110,DESENVOLVIMENTO DAS ACOES DE SAUDE NO AMBITO DA ESCOLA DE SAUDE PUBLICA DO ESTADO DE MINAS GERAIS- E
2026|2111,2026,2111,DESENVOLVIMENTO DAS ACOES DE SAUDE NO AMBITO DA FUNDACAO HOSPITALAR DO ESTADO DE MINAS GERAIS- FHEMI
2026|2112,2026,2112,DESENVOLVIMENTO DAS ACOES DE SAUDE NO AMBITO DA SECRETARIA DE ESTADO DE JUSTICA E SEGURANCA PUBLICA
"2026|2113,2026,2113,""PECULIO, AUXILIO FUNERAL, SAUDE E OUTRAS ASSISTENCIAS"""
2026|2114,2026,2114,RESERVA TECNICA
2026|2115,2026,2115,DESENVOLVIMENTO DAS ACOES DE SAUDE NO AMBITO DO CORPO DE BOMBEIROS MILITAR DO ESTADO DE MINAS GERAIS
2026|2118,2026,2118,TRILHAS DE FUTURO - ESTUDANTES
2026|2119,2026,2119,DESENVOLVIMENTO DA EDUCACAO DE JOVENS E ADULTOS - EJA
2026|2122,2026,2122,DESENVOLVIMENTO DO ENSINO FUNDAMENTAL
2026|2123,2026,2123,ESCOLA DE FORMACAO PROFISSIONAL
2026|2126,2026,2126,RENOVACAO DE MOBILIARIO E/OU EQUIPAMENTO
2026|2127,2026,2127,ORGANIZACAO E FUNCIONAMENTO ESCOLAR
2026|2128,2026,2128,GESTAO DO ORGAO CENTRAL
2026|2129,2026,2129,OPERACIONALIZACAO DAS ACOES DOS CONSELHOS
2026|2130,2026,2130,MELHORIA NA ALIMENTACAO
2026|2132,2026,2132,RECURSOS PARA CONTRAPARTIDA A CONVENIOS E CONGENERES
2026|2135,2026,2135,DESENVOLVIMENTO DAS ACOES DE SAUDE NO AMBITO DA FUNDACAO CENTRO DE HEMATOLOGIA E HEMOTERAPIA DE MINA
2026|2136,2026,2136,DESENVOLVIMENTO DAS ACOES DE SAUDE NO AMBITO DA FUNDACAO EZEQUIEL DIAS- FUNED
2026|2137,2026,2137,DESENVOLVIMENTO DAS ACOES DE SAUDE NO AMBITO DA ADMINISTRACAO PUBLICA ESTADUAL
2026|2138,2026,2138,RESERVA PARA ATENDIMENTO DAS EMENDAS PARLAMENTARES INDIVIDUAIS E DE BLOCOS E BANCADAS
"2026|2145,2026,2145,""CAPACITACAO DE SERVIDORES E MEMBROS DO TCEMG, GESTORES E SERVIDORES PUBLICOS DAS ENTIDADES JURISDICI"""
"2026|2157,2026,2157,""AUXILIOS ALIMENTACAO, CRECHE, MORADIA, SAUDE E OUTROS AUXILIOS"""
2026|2417,2026,2417,REMUNERACAO DE PESSOAL ATIVO E ENCARGOS SOCIAIS
2026|2500,2026,2500,ASSESSORAMENTO E GERENCIAMENTO DE POLITICAS PUBLICAS
2026|4001,2026,4001,OFERTA DE CURSOS DE GRADUACAO
"2026|4002,2026,4002,""APOIO AS ATIVIDADES DE PESQUISA, INOVACAO E TECNOLOGIA."""
"2026|4003,2026,4003,""FORMACAO, APERFEICOAMENTO E DESENVOLVIMENTO CONTINUO DE PESSOAS"""
2026|4004,2026,4004,APOIO AOS PROGRAMAS DE POS-GRADUACAO STRICTO SENSU.
2026|4005,2026,4005,ASSISTENCIA ESTUDANTIL
2026|4006,2026,4006,OFERTA DE ENSINO TECNICO E PROFISSIONAL
"2026|4007,2026,4007,""INFORMACAO, COORDENACAO E SUPORTE A GOVERNADORIA E VICE-GOVERNADORIA"""
2026|4008,2026,4008,ASSISTENCIA A SAUDE DOS SEGURADOS E DE SEUS DEPENDENTES
2026|4009,2026,4009,ASSITENCIA ODONTOLOGICA AOS SEGURADOS MILITARES E A SEUS DEPENDENTES
2026|4010,2026,4010,AUXILIOS PREVIDENCIARIOS E ASSISTENCIAIS CONCEDIDOS AOS SEGURADOS E AOS SEUS DEPENDENTES
2026|4011,2026,4011,AUXILIO RECLUSAO CONCEDIDO AOS DEPENDENTES DO SEGURADO
2026|4012,2026,4012,PREVENCAO E COMBATE AO ASSEDIO MORAL E SEXUAL
2026|4013,2026,4013,REGULACAO E FISCALIZACAO ECONOMICO-FINANCEIRA
2026|4014,2026,4014,REGULACAO OPERACIONAL E FISCALIZACAO DA PRESTACAO DE SERVICOS
2026|4015,2026,4015,ATENDIMENTO AO INTERESSADO NA PRESTACAO DE SERVICOS
2026|4016,2026,4016,FORMACAO SUPERIOR EM LATICINIOS E AGROPECUARIA DE PRECISAO
2026|4017,2026,4017,MANUTENCAO DO HOSPITAL DE ENSINO
2026|4018,2026,4018,DESENVOLVIMENTO DE PESQUISA AGROPECUARIA E AGROINDUSTRIAL
2026|4019,2026,4019,DIVULGACAO DE TECNOLOGIA AGROPECUARIA VIA EVENTOS TECNICO-CIENTIFICOS
2026|4020,2026,4020,TRANSFERENCIA DE TECNOLOGIA VIA SEMENTES DE CULTIVARES MELHORADAS
2026|4021,2026,4021,TRANSFERENCIA DE TECNOLOGIA VIA MUDAS QUALIFICADAS
2026|4022,2026,4022,TRANSFERENCIA DE TECNOLOGIA VIA MATRIZES E REPRODUTORES
2026|4023,2026,4023,INFORMACAO CIENTIFICA E TECNOLOGICA VIA PUBLICACOES
2026|4024,2026,4024,EXECUCAO DO CONTROLE METROLOGICO NO ESTADO DE MINAS GERAIS
"2026|4025,2026,4025,""APOIO AOS CENTROS- DIA DE REFERENCIA PARA PESSOAS COM DEFICIENCIA, IDOSAS E SUAS FAMILIAS"""
2026|4026,2026,4026,AVALIACAO DA CONFORMIDADE DE PRODUTOS E SERVICOS NO MERCADO MINEIRO (VISITAS)
2026|4027,2026,4027,ACOES TRANSVERSAIS ESTRATEGICAS DA ESCOLA DE GOVERNO
"2026|4028,2026,4028,""PROMOCAO DAS POLITICAS PUBLICAS DE ABASTECIMENTO DE AGUA, ESGOTAMENTO SANITARIO E DRENAGEM DE AGUAS"""
2026|4029,2026,4029,ATENCAO  AO SISTEMA ESTADUAL DE TRANSPLANTES
2026|4030,2026,4030,ATENCAO A SAUDE NAS UNIDADES ASSISTENCIAIS DE REABILITACAO E CUIDADOS INTEGRADOS
2026|4031,2026,4031,ATENCAO A SAUDE NAS UNIDADES ASSISTENCIAIS DE REFERENCIA
2026|4032,2026,4032,ATENCAO A SAUDE NAS UNIDADES ASSISTENCIAIS DE SAUDE MENTAL
2026|4033,2026,4033,CONSTRUCAO E REFORMA DE UNIDADES DA DEFENSORIA PUBLICA
2026|4034,2026,4034,ATENCAO A SAUDE NO COMPLEXO HOSPITALAR DE BARBACENA
2026|4035,2026,4035,ATENCAO A SAUDE NO COMPLEXO HOSPITALAR DE ESPECIALIDADES
2026|4036,2026,4036,ATENCAO A SAUDE NO COMPLEXO HOSPITALAR DE URGENCIA E EMERGENCIA
2026|4037,2026,4037,GESTAO DE RESIDUOS E CENTRO MINEIRO DE REFERENCIA EM RESIDUOS
2026|4038,2026,4038,FISCALIZACAO AMBIENTAL
2026|4039,2026,4039,ATENDIMENTO DE DENUNCIAS E DE REQUISICOES
2026|4041,2026,4041,FUNDESE GERAMINAS
2026|4042,2026,4042,FUNDESE EMPRESA MINEIRA COMPETITIVA
2026|4043,2026,4043,FUNDESE BASE TECNOLOGICA
2026|4044,2026,4044,BOLSA RECICLAGEM
2026|4045,2026,4045,GESTAO E PLANEJAMENTO AMBIENTAL
2026|4046,2026,4046,MUDANCAS CLIMATICAS E QUALIDADE AMBIENTAL
2026|4047,2026,4047,PROMOCAO DAS POLITICAS PUBLICAS DE PROTECAO A FAUNA DOMESTICA
"2026|4048,2026,4048,""FORMACAO, CAPACITACAO, ATRACAO E FIXACAO DE PESSOAS PARA ATUACAO EM CIENCIA, TECNOLOGIA E INOVACAO"""
2026|4049,2026,4049,ACOES EDUCACIONAIS NA AREA DA SAUDE
2026|4050,2026,4050,PRODUCAO CIENTIFICA NO CAMPO DA SAUDE
2026|4051,2026,4051,REGISTRO EMPRESARIAL
2026|4052,2026,4052,REDESIM MG
2026|4053,2026,4053,PREVENCAO E ATENDIMENTO A ACIDENTES E EMERGENCIAS AMBIENTAIS
2026|4054,2026,4054,PREVENCAO E COMBATE A INCENDIOS FLORESTAIS
2026|4055,2026,4055,CONTROLE E MONITORAMENTO DE ATIVIDADES FLORESTAIS
2026|4056,2026,4056,RECUPERACAO AMBIENTAL
2026|4057,2026,4057,PARC - PROGRAMA DE CONCESSAO DE PARQUES ESTADUAIS
2026|4058,2026,4058,PROTECAO E CONSERVACAO DA FAUNA SILVESTRE
2026|4059,2026,4059,GESTAO DE UNIDADES E CONSERVACAO
2026|4060,2026,4060,GESTAO DAS UNIDADES POLICIAIS
2026|4061,2026,4061,PERICIAS TECNICO-CIENTIFICAS
2026|4062,2026,4062,MODERNIZACAO E AMPLIACAO DO BANCO DE PERFIS GENETICOS
2026|4063,2026,4063,CONSTRUCAO NUCLEO INTEGRADO DE PERICIAS
2026|4064,2026,4064,PAGAMENTO POR SERVICOS AMBIENTAIS
2026|4065,2026,4065,IDENTIFICACAO CIVIL E CRIMINAL
2026|4066,2026,4066,FORMACAO E CAPACITACAO
2026|4067,2026,4067,IMPLANTACAO DO PLANTAO DIGITAL
2026|4068,2026,4068,REDE DE ASSISTENCIA A SAUDE ODONTOLOGICA CONTRATADA
2026|4069,2026,4069,GESTAO DE BARRAGENS
2026|4070,2026,4070,GESTAO E RECUPERACAO DE AREAS DEGRADADAS E CONTAMINADAS
2026|4071,2026,4071,LICENCIAMENTO AMBIENTAL
2026|4072,2026,4072,APOIO AO LICENCIAMENTO AMBIENTAL MUNICIPAL
2026|4073,2026,4073,REDE DE ASSISTENCIA A SAUDE HOSPITALAR CONTRATADA
2026|4074,2026,4074,REDE DE ASSISTENCIA A SAUDE AMBULATORIAL CONTRATADA
2026|4075,2026,4075,FORMACAO CONTINUADA DE PROFESSORES PELO NUCLEO DE FORMACAO PRESENCIAL E A DISTANCIA
2026|4076,2026,4076,PASSAPORTE MINEIRO DO CONHECIMENTO
2026|4077,2026,4077,EDUCACAO BASICA: AMPLIACAO DA JORNADA ESCOLAR
2026|4078,2026,4078,ENSINO FUNDAMENTAL
2026|4079,2026,4079,GESTAO EFICENTE E TRANSPARENCIA DO CONTENCIOSO ADMINISTRATIVO TRIBUTARIO
2026|4080,2026,4080,ENSINO MEDIO REGULAR
2026|4081,2026,4081,RECEITA ESTADUAL MAIS JUSTA
2026|4082,2026,4082,RECEITA ESTADUAL EFICIENTE
2026|4083,2026,4083,RECEITA ESTADUAL DIGITAL
2026|4084,2026,4084,FINANCIAMENTO HABITACIONAL AOS SERVIDORES DA ASSEMBLEIA LEGISLATIVA
2026|4085,2026,4085,RECEITA ESTADUAL MODERNIZADA
2026|4086,2026,4086,ATIVIDADE DE ENSINO DE GRADUACAO PRESENCIAL E A DISTANCIA
2026|4087,2026,4087,ATIVIDADES DE PESQUISA CIENTIFICA
2026|4088,2026,4088,ATIVIDADE DE POS-GRADUACAO
2026|4089,2026,4089,ACAO DE EXTENSAO UNIVERSITARIA
"2026|4090,2026,4090,""FORTALECIMENTO E AMPLIACAO DA POLITICA INSTITUCIONAL DE ASSISTENCIA ESTUDANTIL, ACOES AFIRMATIVAS E"""
2026|4091,2026,4091,GESTAO DE AERONAVES DO SISEMA
2026|4092,2026,4092,OFICINAS PEDAGOGICAS: UM OLHAR AO CIDADAO
2026|4093,2026,4093,ATENDIMENTO NA CLINICA PSICOPEDAGOGICA EDOUARD CLAPAREDE
2026|4094,2026,4094,SUPORTE BASICO E AVANCADO DE VIDA
2026|4095,2026,4095,CONTROLE E OPERACOES FINANCEIRAS DOS RECURSOS ESTADUAIS.
2026|4096,2026,4096,GESTAO ESTRATEGICA E PLANEJAMENTO FINANCEIRO
2026|4097,2026,4097,CONTADORIA TRANSPARENTE
2026|4098,2026,4098,CONTADORIA LEGAL
2026|4099,2026,4099,OPERACAO CAMINHAO PIPA
2026|4101,2026,4101,OUVIDORIA MOVEL
2026|4102,2026,4102,DIVULGACAO DOS CANAIS E ACOES DA OUVIDORIA
"2026|4103,2026,4103,""GOVERNANCA DO SISTEMA INTEGRADO UTILIZADO PARA A EXECUCAO ORCAMENTARIA, FINANCEIRA, PATRIMONIAL E CO"""
2026|4104,2026,4104,APRESENTACAO DE RELATORIOS DE GESTAO
2026|4105,2026,4105,GESTAO DE ATIVOS E HAVERES
2026|4106,2026,4106,ENDIVIDAMENTO SUSTENTAVEL
2026|4107,2026,4107,GERENCIAMENTO DE RISCOS FISCAIS
2026|4108,2026,4108,PROJETO GOTA DAGUA
2026|4109,2026,4109,FOMENTO A PARTICIPACAO SOCIAL NO ESTADO DE MINAS GERAIS
"2026|4110,2026,4110,""RECEBIMENTO, ANALISE E TRATAMENTO DE MANIFESTACOES"""
"2026|4111,2026,4111,""COORDENACAO, GOVERNANCA E COMUNICACAO DO PROMAIS"""
2026|4112,2026,4112,AMPLIACAO DA CENTRALIZACAO DAS COMPRAS E CONTRATACOES
2026|4113,2026,4113,MANUTENCAO E AMPLIACAO DA INFRAESTRUTURA E SISTEMA DE TECNOLOGIA DA INFORMACAO E COMUNICACAO
"2026|4114,2026,4114,""GESTAO DA PREVENCAO, MITIGACAO E PREPARACAO DE DESASTRE"""
2026|4115,2026,4115,GESTAO DA RESPOSTA A DESASTRES
2026|4116,2026,4116,FORMACAO E CAPACITACAO TECNICO PROFISSIONAL PARA CIVIS
2026|4117,2026,4117,BOMBEIRO NAS ESCOLAS
2026|4118,2026,4118,PROMOCAO DAS POLITICAS PUBLICAS DE ABASTECIMENTO DE AGUA - PROGRAMA AGUA DOCE.
"2026|4119,2026,4119,""RECRUTAMENTO, TREINAMENTO E FORMACAO DE BOMBEIROS"""
2026|4120,2026,4120, MODERNIZACAO E ESTRUTURACAO DO CORPO DE BOMBEIROS MILITAR DE MINAS GERAIS
2026|4121,2026,4121,POLITICA DE ATENCAO HOSPITALAR E URGENCIA E EMERGENCIA
2026|4122,2026,4122,POLITICAS PRE E POS HOSPITALARES DE URGENCIA E EMERGENCIA
2026|4123,2026,4123,ESTRUTURACAO DA ATENCAO HOSPITALAR E DE URGENCIA E EMERGENCIA
2026|4124,2026,4124,IMPLEMENTACAO DE PROJETOS AMBIENTAIS POR MEIO DO PROGRAMA ESTADUAL DE CONVERSAO DE MULTAS AMBIENTAIS
2026|4125,2026,4125,FORTALECIMENTO DA ATENCAO PRIMARIA A SAUDE
2026|4126,2026,4126,PROMOCAO A SAUDE E POLITICAS DE EQUIDADE
2026|4127,2026,4127,ESTRUTURACAO DA ATENCAO PRIMARIA
2026|4128,2026,4128,LOTE OURO PRETO
2026|4129,2026,4129,APOIO E FORTALECIMENTO DA REDE DE CUIDADO A PESSOA COM DEFICIENCIA
2026|4130,2026,4130,APOIO E FORTALECIMENTO DA REDE DE ATENCAO PSICOSSOCIAL
2026|4131,2026,4131,ATENCAO ESPECIALIZADA AMBULATORIAL
2026|4132,2026,4132,APOIO E FORTALECIMENTO DA REDE DE ATENCAO A SAUDE BUCAL
2026|4133,2026,4133,ATENDIMENTO AS MEDIDAS JUDICIAIS
2026|4134,2026,4134,ACESSO DE URGENCIA E EMERGENCIA
2026|4135,2026,4135,ACESSO ELETIVO
2026|4136,2026,4136,SERVICOS MOVEIS DE URGENCIA E EMERGENCIA
"2026|4137,2026,4137,""PROGRAMACAO, CONTRATACAO E PROCESSAMENTO DE SERVICOS DE SAUDE"""
"2026|4138,2026,4138,""SUPORTE AS ACOES DE PREVENCAO, MITIGACAO, PREPARACAO E RESPOSTA AOS INCENDIOS EM VEGETACAO"""
2026|4139,2026,4139,TRANSPORTE AQUAVIARIO - BALSAS DO LAGO DE FURNAS
2026|4140,2026,4140,MODERNIZACAO E ESTRUTURACAO DO CORPO DE BOMBEIROS MILITAR DE MINAS GERAIS - REPARACAO BRUMADINHO
2026|4141,2026,4141,MANUTENCAO E AMPLIACAO DO SISTEMA DE TIC PARA POTENCIALIZACAO DO SERVICO DE SEGURANCA CONTRA INCENDI
2026|4142,2026,4142,GESTAO DO ATENDIMENTO AO PERIODO CHUVOSO
2026|4143,2026,4143,ASSESSORAMENTO E GERENCIAMENTO DE POLITICAS DE VIGILANCIA EM SAUDE
2026|4144,2026,4144,VIGILANCIA DE CONDICOES CRONICAS
2026|4145,2026,4145,VIGILANCIA DE DOENCAS TRANSMISSIVEIS E IMUNIZACAO
2026|4146,2026,4146,VIGILANCIA EM SAUDE AMBIENTAL E SAUDE DO TRABALHADOR
2026|4147,2026,4147,VIGILANCIA SANITARIA
2026|4148,2026,4148,ABASTECIMENTO DE MEDICAMENTOS
2026|4149,2026,4149,POLITICAS DE ASSISTENCIA FARMACEUTICA
2026|4150,2026,4150,OPERACIONALIZACAO DAS ATRIBUICOES DA DEFENSORIA PUBLICA E DIRECAO ADMIINISTRATIVA
2026|4151,2026,4151,BOLSA VERDE: CONSERVACAO DA COBERTURA VEGETAL NATIVA
2026|4152,2026,4152,FOMENTO AS UNIDADES DE ATENDIMENTO AO TRABALHADOR
2026|4153,2026,4153,ASSESSORAMENTO DAS UNIDADES DE ATENDIMENTO AO TRABALHADOR
2026|4154,2026,4154,FOMENTO PARA ECONOMIA POPULAR SOLIDARIA E PROMOCAO DA INCLUSAO PRODUTIVA
"2026|4155,2026,4155,""MODERNIZACAO, ESTRUTURACAO, CAPACITACAO EM DEFESA CIVIL"""
2026|4156,2026,4156,GESTAO DOS PROJETOS ESTRUTURANTES DE MOBILIDADE
2026|4157,2026,4157,FOMENTO A INCLUSAO PRODUTIVA DE MULHERES
2026|4158,2026,4158,QUALIFICACAO PROFISSIONAL
2026|4159,2026,4159,FORMACAO E ORIENTACAO PARA A INSERCAO DO TRABALHADOR NO MERCADO DE TRABALHO
2026|4160,2026,4160,GESTAO DA EQUIPE DE ATENDIMENTO AOS USUARIOS DE SISTEMAS CORPORATIVOS
2026|4162,2026,4162,SUPORTE A GESTAO DOS ATIVOS RODOVIARIOS
2026|4163,2026,4163,PROMOCAO DOS JOGOS DO INTERIOR DE MINAS
2026|4164,2026,4164,PROJETOS VIABILIZADOS PELA LEI ESTADUAL DE INCENTIVO AO ESPORTE
2026|4165,2026,4165,GESTAO DO ICMS ESPORTIVO
2026|4166,2026,4166,PROMOCAO DO ESPORTE EDUCACIONAL COMO INSTRUMENTO DE DESENVOLVIMENTO SOCIAL
2026|4167,2026,4167,APOIO A GESTAO ESPORTIVA
2026|4168,2026,4168,PROMOCAO DOS JOGOS ESCOLARES DE MINAS GERAIS
2026|4169,2026,4169,BOLSA ATLETA E BOLSA TECNICO
2026|4170,2026,4170,APOIO A REALIZACAO DE ACOES ESPORTIVAS
2026|4171,2026,4171,IMPLEMENTACAO E MANUTENCAO DOS CENTROS DE REFERENCIA EM DIREITOS HUMANOS
2026|4172,2026,4172,GESTAO DO FOMENTO E DO SISTEMA DE FINANCIAMENTO A CULTURA
2026|4173,2026,4173,PROGRAMA DE PROTECAO A VITIMAS E TESTEMUNHAS AMEACADAS - PROVITA
"2026|4174,2026,4174,""PROMOCAO, PROTECAO E REPARACAO DE DIREITOS HUMANOS"""
2026|4175,2026,4175,PLUG MINAS
2026|4176,2026,4176,PROGRAMA DE PROTECAO AOS DEFENSORES DE DIREITOS HUMANOS - PPDDH
2026|4178,2026,4178,MANUTENCAO E APOIO AOS ORGAOS COLEGIADOS DE DIREITOS HUMANOS
2026|4179,2026,4179,PROJETOS ESPECIAIS DE RECUPERACAO DE DANOS AOS DIREITOS DIFUSOS
2026|4180,2026,4180,PROJETOS ESPECIAIS DE PROMOCAO E PROTECAO DOS DIREITOS DE PESSOAS IDOSAS
2026|4181,2026,4181,OPERACIONALIZACAO DOS SERVICOS DE TRADUCAO E INTERPRETACAO DE LIBRAS
"2026|4182,2026,4182,""ARTICULACAO INSTITUCIONAL, MANUTENCAO DE EQUIPAMENTOS E POLITICAS DE DIREITOS HUMANOS"""
"2026|4183,2026,4183,""FOMENTO A INCLUSAO SOCIAL, ACESSIBILIDADE E GARANTIA DE DIREITOS PARA PESSOAS COM DEFICIENCIA"""
2026|4184,2026,4184,APOIO AOS MUNICIPIOS NA IMPLEMENTACAO DA POLITICA HABITACIONAL E NA ELABORACAO E REVISAO DE PLANOS L
2026|4185,2026,4185,APOIO A PRODUCAO E A AQUISICAO DE UNIDADES HABITACIONAIS
2026|4186,2026,4186,PROGRAMA DE PROTECAO A CRIANCAS E ADOLESCENTES AMEACADOS DE MORTE - PPCAAM
2026|4187,2026,4187,PLANEJAMENTO DE RECURSOS HIDRICOS
2026|4188,2026,4188,REGULACAO DE RECURSOS HIDRICOS
2026|4189,2026,4189,COBRANCA PELO USO DE RECURSOS HIDRICOS
2026|4190,2026,4190,FORTALECIMENTO DA GESTAO PARTICIPATIVA
2026|4191,2026,4191,MONITORAMENTO HIDROMETEOROLOGICO
2026|4192,2026,4192,SEGURANCA DE BARRAGENS
2026|4193,2026,4193,REMUNERACAO DE PESSOAL ATIVO E ENCARGOS SOCIAIS
2026|4194,2026,4194,PROGRAMAS PROJETOS E PESQUISAS EM RECURSOS HIDRICOS
2026|4195,2026,4195,PROGRAMA ESTRATEGICO SOMOS TODOS AGUA
"2026|4196,2026,4196,""APOIO, FOMENTO E ARTICULACAO DE ACOES, PROJETOS E PROGRAMAS RELATIVOS A TEMATICA DE SEGURANCA ALIMEN"""
2026|4197,2026,4197,APOIO AS ACOES DESENVOLVIDAS PELO CONSELHO DE SEGURANCA ALIMENTAR E NUTRICIONAL SUSTENTAVEL DE MINAS
2026|4198,2026,4198,ATENDIMENTO NO ENSINO TECNICO PROFISSIONALIZANTE
2026|4199,2026,4199,ENSINO MEDIO EM TEMPO INTEGRAL - EMTI
2026|4200,2026,4200,PREVENCAO DE EVENTOS HIDROMETEOROLOGICOS CRITICOS
2026|4201,2026,4201,CONTROLE DE VELOCIDADE
2026|4202,2026,4202,APRIMORAMENTO DA DEFESA SANITARIA - VIGILANCIA SANITARIA ANIMAL
2026|4203,2026,4203,APRIMORAMENTO DA DEFESA SANITARIA - VIGILANCIA SANITARIA VEGETAL
2026|4204,2026,4204,APOIO TECNICO AOS MUNICIPIOS PARA PROMOCAO DO DESENVOLVIMENTO SOCIAL REGIONALIZADO
"2026|4205,2026,4205,""ESTRUTURACAO, MODELAGEM E GESTAO DE CONCESSOES E PARCERIAS"""
"2026|4206,2026,4206,""FISCALIZACAO DO TRANSITO DE ANIMAIS, VEGETAIS, INSUMOS E PRODUTOS DE ORIGEM ANIMAL."""
2026|4207,2026,4207,PROJETOS ESPECIAIS DE PROMOCAO E PROTECAO DE CRIANCAS E ADOLESCENTES
2026|4209,2026,4209,EDUCACAO PARA O TRANSITO
2026|4210,2026,4210,REGULACAO DO USO E OCUPACAO DA FAIXA DE DOMINIO
2026|4211,2026,4211,SERVICO DE APOIO INTEGRADO AO USUARIO
2026|4212,2026,4212,DESENVOLVIMENTO DO PROGRAMA DE SANGUE E HEMODERIVADOS
2026|4213,2026,4213,AEROPORTOS REGIONAIS
2026|4214,2026,4214,COMPLEXO MINEIRAO
2026|4215,2026,4215,COMPLEXO PENAL
2026|4216,2026,4216,RODOVIA MG 050
2026|4217,2026,4217,UNIDADES DE ATENDIMENTO INTEGRAL UAI FASE I
2026|4218,2026,4218,UNIDADES DE ATENDIMENTO INTEGRAL UAI FASE I I
2026|4219,2026,4219,UNIDADES DE ATENDIMENTO INTEGRAL UAI FASE I I I
2026|4220,2026,4220,RODOANEL METROPOLITANO DE BELO HORIZONTE
2026|4221,2026,4221,LOTES RODOVIARIOS
2026|4222,2026,4222,MODERNIZACAO E/OU MELHORIA DA INFRAESTRUTURA FISICA E/OU TECNOLOGICA DAS UNIDADES DA FUNDACAO HEMOMI
2026|4223,2026,4223,LOTE 2: SUL DE MINAS
2026|4224,2026,4224,MODELOS ALTERNATIVOS DE PRESTACAO DA MEDIDA DE ATENDIMENTO SOCIOEDUCATIVA DE PRIVACAO DE LIBERDADE
2026|4225,2026,4225,MANUTENCAO E REFORMA DE ESCOLAS
2026|4226,2026,4226,COMPLEXO DE SAUDE (FHEMIG)
2026|4228,2026,4228,FORTALECIMENTO DA ESTRUTURA E DOS PROCESSOS DO INSTITUTO MINEIRO DE AGROPECUARIA
2026|4229,2026,4229,ATENCAO A SAUDE AMBULATORIAL NA REDE PROPRIA
2026|4230,2026,4230,ATENCAO A SAUDE ODONTOLOGICA NA REDE PROPRIA
2026|4231,2026,4231,ATENCAO A SAUDE HOSPITALAR NA REDE PROPRIA
2026|4232,2026,4232,ASSISTENCIA ESTUDANTIL
2026|4233,2026,4233,MUSEU HELENA ANTIPOFF
2026|4234,2026,4234,FORMACAO NA PERSPECTIVA ANTIPOFFIANA
2026|4235,2026,4235,ASSISTENCIA TECNICA E EXTENSAO RURAL PARA AGRICULTORES FAMILIARES E DEMAIS PUBLICOS
2026|4236,2026,4236,FOMENTO PARA O DESENVOLVIMENTO DO SETOR AGROPECUARIO
2026|4237,2026,4237,CENTRO DE TECIDOS BIOLOGICOS DE MINAS GERAIS - CETEBIO
2026|4238,2026,4238,REESTRUTURACAO DO LABORATORIO DE QUIMICA AGROPECUARIA DO INSTITUTO MINEIRO DE AGROPECUARIA.
2026|4239,2026,4239,ELABORACAO LEGISLATIVA E ACOMPANHAMENTO DAS POLITICAS PUBLICAS
2026|4240,2026,4240,FORMACAO CONTINUADA E EXECUTIVA
2026|4241,2026,4241,VIGILANCIA DA QUALIDADE DA AGUA PARA CONSUMO HUMANO NA REGIAO DO SEMIARIDO MINEIRO
2026|4242,2026,4242,ESTUDOS E PESQUISAS NA AREA DE GESTAO PUBLICA
2026|4243,2026,4243,FORMACAO DE PESSOAS NO NIVEL DE GRADUACAO
2026|4244,2026,4244,FORMACAO DE PESSOAS NO NIVEL DE POS-GRADUACAO (LATO SENSU)
2026|4245,2026,4245,FORMACAO DE PESSOAS NO NIVEL DE POS-GRADUACAO (STRICTO SENSU)
2026|4246,2026,4246,PARTICIPACAO EM EXTENSAO ACADEMICA
2026|4248,2026,4248,MANUTENCAO DA BIBLIOTECA DIGITAL DE MINAS GERAIS RAYMUNDO NONATO DE CASTRO
2026|4249,2026,4249,ASSESSORAMENTO EM POLITICAS PUBLICAS
2026|4250,2026,4250,FOMENTO A AVALIACAO DE POLITICAS PUBLICAS
2026|4251,2026,4251,PESQUISAS EM POLITICAS PUBLICAS
2026|4252,2026,4252,REVITALIZACAO DO PARQUE DE EXPOSICOES BOLIVAR DE ANDRADE
2026|4253,2026,4253,GESTAO DE CONCESSOES E PARCERIAS DE EQUIPAMENTOS PUBLICOS
"2026|4254,2026,4254,""MANUTENCAO DA DIVISAO TERRITORIAL, CONSTRUCAO DE MAPEAMENTO DE MINAS GERAIS E GESTAO DA IEDE"""
2026|4255,2026,4255,SISTEMATIZACAO DAS INFORMACOES ESTATISTICAS E GEOINFORMACOES DE MG
2026|4256,2026,4256,APOIO AS ACOES DE PROTECAO E DEFESA AO CONSUMIDOR
2026|4257,2026,4257,TRANSFORMACAO DIGITAL
2026|4258,2026,4258,APOIO A IMPLEMENTACAO DE INFRAESTRUTURAS E/OU PROJETOS PARA OS SERVICOS DE SANEAMENTO BASICO
2026|4261,2026,4261,DESENVOLVIMENTO DA INFRAESTRUTURA PUBLICA NO ESTADO DE MINAS GERAIS
2026|4262,2026,4262,FOMENTO A INFRAESTRUTURA PUBLICA MUNICIPAL
2026|4263,2026,4263,APOIO AOS COMITES DE BACIAS HIDROGRAFICAS
2026|4264,2026,4264,MODERNIZACAO DA REDE DE MONITORAMENTO HIDROLOGICO DO ESTADO DE MINAS GERAIS
2026|4265,2026,4265,DESENVOLVIMENTO DA INFRAESTRUTURA GOVERNAMENTAL
2026|4266,2026,4266,ASSISTENCIA EMERGENCIAL A MUNICIPIOS ATINGIDOS PELAS CHUVAS
2026|4267,2026,4267,ACOES DE DIFUSAO E EDUCACAO PARA O PATRIMONIO CULTURAL
2026|4268,2026,4268,AMPLIACAO DE CAPACIDADE DA MALHA E RESTAURACAO DO PAVIMENTO
2026|4269,2026,4269,INCENTIVO A IMPLANTACAO DE POLITICAS MUNICIPAIS DE PROTECAO AO PATRIMONIO CULTURAL
2026|4270,2026,4270,FORMACAO E CAPACITACAO DO SISTEMA DE GARANTIA DE DIREITOS
2026|4271,2026,4271,FORMACAO E CAPACITACAO PARA O PATRIMONIO CULTURAL
2026|4272,2026,4272,IMPLANTACAO E RESTAURACAO DE OBRAS DE ARTES ESPECIAIS
2026|4273,2026,4273,REGULACAO METROPOLITANA
2026|4274,2026,4274,PARCERIAS PARA PROTECAO E SALVAGUARDA DO PATRIMONIO CULTURAL
2026|4275,2026,4275,IMPLANTACAO/PAVIMENTACAO DA MALHA
2026|4276,2026,4276,SALVAGUARDA DO PATRIMONIO CULTURAL
2026|4277,2026,4277,ATENDIMENTO NO ENSINO FUNDAMENTAL EM TERRITORIOS DE ALTA VULNERABILIDADE SOCIAL
2026|4278,2026,4278,PROTECAO DO PATRIMONIO CULTURAL
2026|4279,2026,4279,CONSERVACAO E RESTAURACAO DO PATRIMONIO CULTURAL PROTEGIDO
2026|4280,2026,4280,MITIGACAO DE DANOS PONTUAIS NAS RODOVIAS
2026|4281,2026,4281,VISTORIAS TECNICAS NO PATRIMONIO CULTURAL
2026|4282,2026,4282,ATENDIMENTO NO ENSINO MEDIO EM TERRITORIOS DE ALTA VULNERABILIDADE SOCIAL
2026|4283,2026,4283,EDUCACAO PARA A CIDADANIA E PARA O MUNDO DO TRABALHO EM TERRITORIOS DE ALTA VULNERABILIDADE SOCIAL
2026|4284,2026,4284,PREVENCAO E MITIGACAO DE DANOS AMBIENTAIS
2026|4285,2026,4285,INCLUSAO SOCIOPRODUTIVA EM TERRITORIOS DE ALTA VULNERABILIDADE SOCIAL
2026|4286,2026,4286,FOMENTO AO DESENVOLVIMENTO SUSTENTAVEL DA REGIAO METROPOLITANA DO VALE DO ACO
2026|4287,2026,4287,CONSTRUCAO E ADEQUACAO DE RODOVIAS - RIO DOCE
2026|4289,2026,4289,CONSTRUCAO E ADEQUACAO DE RODOVIAS - RECUPERACAO BRUMADINHO
2026|4290,2026,4290,MELHORIA DA MOBILIDADE E INFRAESTRUTURA DE TRANSPORTES EM MINAS GERAIS
2026|4292,2026,4292,GESTAO DE AEROPORTOS REGIONAIS EM MINAS GERAIS
2026|4293,2026,4293,CONSERVACAO ROTINEIRA DA MALHA VIARIA
2026|4294,2026,4294,DISPONIBILIZACAO E DISTRIBUICAO DE CONTEUDO MULTIPLATAFORMA EM PRODUTOS DIGITAIS ONLINE
2026|4295,2026,4295,ATUALIZACAO DE PLATAFORMA DE STREAMING E VOD COM CONTEUDO INEDITO
2026|4296,2026,4296,GESTAO E MANUTENCAO DOS SISTEMAS DE TRANSMISSAO VIA SATELITE E OPERACAO DE TV
2026|4297,2026,4297,DISPONIBILIZACAO E MANUTENCAO DO SINAL DE RETRANSMISSAO DE TV NO INTERIOR DO ESTADO E REGIAO METROPO
2026|4298,2026,4298,DISPONIBILIZACAO E MANUTENCAO DO SINAL DE RETRANSMISSAO DE TV NO INTERIOR DO ESTADO E REGIAO METROPO
2026|4299,2026,4299,GESTAO E MANUTENCAO DOS SISTEMAS DE TRANSMISSAO VIA SATELITE E OPERACAO DE TV
2026|4300,2026,4300,EDUCACAO PROFISSIONAL TECNICA DE NIVEL MEDIO E QUALIFICACAO PROFISSIONAL
2026|4301,2026,4301,APOIO AOS ORGAOS COLEGIADOS DE CRIANCAS E ADOLESCENTES
"2026|4302,2026,4302,""PRODUCAO E VEICULACAO TELEVISIVA DE PROGRAMACAO DE CARATER CULTURAL, INFORMATIVO, EDUCATIVO E DE ENT"""
2026|4303,2026,4303,EXECUCAO DE ACOES INVESTIGATIVAS E RECUPERACAO DE ATIVOS
2026|4304,2026,4304,PROMOCAO DO ACESSO A INFORMACAO E DA TRANSPARENCIA
2026|4305,2026,4305,FORTALECIMENTO DA INTEGRIDADE PUBLICA E PRIVADA
2026|4306,2026,4306,FOMENTO AO CONTROLE SOCIAL
2026|4307,2026,4307,FORTALECIMENTO DE SERVICOS DE AUDITORIA INTERNA PARA AGREGAR VALOR A GESTAO PUBLICA ESTADUAL
2026|4309,2026,4309,ESTRUTURACAO TECNOLOGICA E INSTITUCIONALIZACAO DA AUDITORIA CONTINUA
2026|4310,2026,4310,FORTALECIMENTO DA PREVENCAO A ILICITOS ADMINISTRATIVOS
2026|4311,2026,4311,APURACAO DE RESPONSABILIDADE DE AGENTES PUBLICOS E PESSOAS JURIDICAS
2026|4312,2026,4312,FORTALECIMENTO DO CONTROLE INTERNO E DAS REDES DE CONTROLE
2026|4313,2026,4313,COORDENACAO DAS UNIDADES DESCENTRALIZADAS DA CGE
2026|4314,2026,4314,GOVERNANCA TIC PARA O CONTROLE INTERNO
2026|4315,2026,4315,GESTAO E MANUTENCAO DOS SISTEMAS DE TRANSMISSAO E OPERACAO DE RADIO
"2026|4316,2026,4316,""PRODUCAO E VEICULACAO DE CONTEUDO EM AUDIO COM ENFASE NA CULTURA, EDUCACAO, INFORMACAO, PRESTACAO DE"""
2026|4317,2026,4317,ANALISE LABORATORIAL
2026|4318,2026,4318,INSPECAO DE PRODUTOS DE ORIGEM VEGETAL
2026|4319,2026,4319,INSPECAO E FISCALIZACAO DE PRODUTOS DE ORIGEM ANIMAL
"2026|4320,2026,4320,""DISTRIBUICAO DE LEITE ADQUIRIDO DA AGRICULTURA FAMILIAR, PARA BENEFICIARIOS EM INSEGURANCA ALIMENTAR"""
2026|4321,2026,4321,ARTICULACAO INSTITUCIONAL E APOIO A SISTEMA DE GARANTIA DE DIREITOS
"2026|4322,2026,4322,""GESTAO, MANUTENCAO E MODERNIZACAO DE EQUIPAMENTOS CULTURAIS PARA ATENDIMENTO AO PUBLICO"""
2026|4323,2026,4323,APOIO AS FEIRAS LIVRES PARA AMPLIAR A GERACAO DE RENDA E DESENVOLVIMENTO ECONOMICO LOCAL
2026|4324,2026,4324,DIVULGACAO TURISTICA DE MINAS GERAIS
2026|4325,2026,4325,PROMOCAO DO DESENVOLVIMENTO SOCIOECONOMICO DO NORTE E NORDESTE DE MINAS GERAIS
2026|4326,2026,4326,GESTAO DE ORGAOS COLEGIADOS
2026|4327,2026,4327,CAPACITACOES TECNICAS PARA O TURISMO
2026|4328,2026,4328,ESTRUTURACAO DE PRODUTOS TURISTICOS
2026|4329,2026,4329,ORQUESTRA FILARMONICA DE MINAS GERAIS
2026|4330,2026,4330,PLANEJAMENTO E MONITORAMENTO DO SETOR TURISTICO DO ESTADO DE MINAS GERAIS
2026|4331,2026,4331,PROMOCAO DE ATIVIDADES ARTISTICO-CULTURAIS
2026|4332,2026,4332,APOIO A PROJETOS CULTURAIS E TURISTICOS REALIZADOS POR INTERMEDIO DE PARCERIAS
"2026|4333,2026,4333,""PRODUCAO E VEICULACAO TELEVISIVA DE PROGRAMACAO DE CARATER CULTURAL, INFORMATIVO, EDUCATIVO E DE ENT"""
"2026|4334,2026,4334,""IMPLANTACAO, RECUPERACAO, MODERNIZACAO, MANUTENCAO E OPERACAO DE TERMINAIS E ESTACOES DE TRANSPORTE"""
2026|4335,2026,4335,SERVICO ESPECIAL DE SEGURANCA GOVERNAMENTAL
2026|4336,2026,4336,ASSESSORIAS TECNICAS PARA GESTAO DE BIBLIOTECAS E MUSEUS
2026|4337,2026,4337,CAPACITACOES TECNICO-CULTURAIS
"2026|4338,2026,4338,""CONSERVACAO PREVENTIVA E CURATIVA, RESTAURACAO, AQUISICAO E GESTAO TECNICA DE ACERVOS"""
"2026|4339,2026,4339,""ORGANIZACAO, DESCRICAO E PRESERVACAO DE ACERVOS ARQUIVISTICOS"""
2026|4340,2026,4340,OPERACIONALIZACAO DE JOGOS
2026|4341,2026,4341,GESTAO DO TRANSPORTE RODOVIARIO
"2026|4342,2026,4342,""ASSESSORIAS TECNICAS EM GESTAO DE DOCUMENTOS, CRIACAO E MANUTENCAO DE ARQUIVOS PUBLICOS"""
2026|4343,2026,4343,GESTAO DO FOMENTO E MUNICIPALIZACAO DA CULTURA
2026|4344,2026,4344,PREVENCAO SOCIAL AS VIOLENCIAS E CRIMINALIDADES
2026|4345,2026,4345,GESTAO DO RODOANEL METROPOLITANO
2026|4346,2026,4346,METRO DA RMBH
2026|4347,2026,4347,IMPLANTACAO DE UNIDADES DE PREVENCAO A CRIMINALIDADE
2026|4348,2026,4348,CUSTODIA E RESSOCIALIZACAO DE PRESOS
2026|4349,2026,4349,FINANCIAMENTO HABITACIONAL AOS SERVIDORES MILITARES
2026|4350,2026,4350,MANUTENCAO E AMPLIACAO DO MONITORAMENTO ELETRONICO
2026|4351,2026,4351,MANUTENCAO E IMPLANTACAO DE METODOLOGIA DE CUSTODIAS ALTERNATIVAS
"2026|4352,2026,4352,""PREVENCAO, MONITORAMENTO E ENFRENTAMENTO DAS VIOLENCIAS E VIOLACOES CONTRA CRIANCAS E ADOLESCENTES."""
2026|4353,2026,4353,UNIDADES DE SAUDE DO SISTEMA PRISIONAL
"2026|4354,2026,4354,""GESTAO DE BENS,SERVICOS E LOGISTICA DOS PREDIOS GOVERNAMENTAIS"""
"2026|4355,2026,4355,""PROCESSAMENTO JUDICIARIO MILITAR, ACOES DE COMUNICACAO INSTITUCIONAL E PRIORIZACAO DO 1O GRAU"""
2026|4356,2026,4356,GESTAO DE DESASTRE
2026|4358,2026,4358,CIRCUITOS DE COMERCIALIZACAO E MERCADOS INSTITUCIONAIS
2026|4360,2026,4360,GESTAO DO SISTEMA DE FINANCIAMENTO A CULTURA
2026|4362,2026,4362,COMUNICACAO CIENTIFICA
2026|4363,2026,4363,REGULARIZACAO FUNDIARIA DE IMOVEIS RURAIS
2026|4364,2026,4364,ALIMENTACAO COMPLEMENTAR NA PRIMEIRA INFANCIA
2026|4365,2026,4365,POLICIAMENTO OSTENSIVO GERAL
2026|4366,2026,4366,ESTRUTURACAO E MODERNIZACAO
2026|4367,2026,4367,CAPACITA MINAS PRIMEIRA INFANCIA
2026|4368,2026,4368,POLITICA ESTADUAL PARA REGISTRO CIVIL DE NASCIMENTO
2026|4369,2026,4369,PALACIO PARA TODOS
2026|4370,2026,4370,ASSISTENCIA ESTUDANTIL
"2026|4371,2026,4371,""APOIO AS ATIVIDADES DE PESQUISA, INOVACAO E TECNOLOGIA"""
2026|4372,2026,4372,SUPORTE AEREO AOS SERVICOS DE SEGURANCA PUBLICA
2026|4373,2026,4373,POLICIAMENTO DE PROXIMIDADE
2026|4374,2026,4374,POLICIAMENTO ESPECIALIZADO
2026|4375,2026,4375,ESTRUTURACAO E MANUTENCAO DE UM SISTEMA ESTADUAL DE INTELIGENCIA DE SEGURANCA PUBLICA EM MINAS GERAI
2026|4376,2026,4376,INTEGRACAO OPERACIONAL E ACOES DE COMANDO E CONTROLE NO ATENDIMENTO DE DENUNCIAS E CHAMADAS DE EMERG
2026|4377,2026,4377,MANUTENCAO DE MORADIAS FUNCIONAIS PARA SERVIDORES EM SITUACAO DE RISCO
2026|4378,2026,4378,OPERACIONALIZACAO DA POLITICA DE INTEGRACAO DA SEGURANCA PUBLICA DE MINAS GERAIS
"2026|4379,2026,4379,""RECRUTAMENTO, SELECAO, FORMACAO, CAPACITACAO E TREINAMENTO DOS PROFISSIONAIS DO SISTEMA DE JUSTICA E"""
2026|4380,2026,4380,AUTOMATIZA.MG
2026|4381,2026,4381,GESTAO DE DESASTRE CAUSADOS PELA CHUVA
2026|4382,2026,4382,INTERVENCOES DE SEGURANCA VIARIA
2026|4383,2026,4383,DESENVOLVIMENTO RURAL SUSTENTAVEL E AGRICULTURA FAMILIAR
2026|4385,2026,4385,REABILITACAO DA MALHA VIARIA
2026|4386,2026,4386,INOVACAO E ECONOMIA AGROPECUARIA
2026|4387,2026,4387,FOMENTO A INOVACAO DE BASE CIENTIFICA OU TECNOLOGICA
2026|4388,2026,4388,REFORMA E MELHORIAS DE UNIDADES HABITACIONAIS
"2026|4389,2026,4389,""FOMENTO A ESTRUTURAS PARA PESQUISA, DESENVOLVIMENTO E INOVACAO"""
2026|4390,2026,4390,GESTAO DO RISCO DE DESASTRES
2026|4392,2026,4392,APOIO A GESTAO DE RECURSOS HIDRICOS
2026|4394,2026,4394,PROJETO JAIBA
2026|4395,2026,4395,PROCESSAMENTO JUDICIARIO
2026|4398,2026,4398,IRRIGA MINAS - AGRICULTURA IRRIGADA SUSTENTAVEL
2026|4399,2026,4399,GARANTIA SAFRA
2026|4401,2026,4401,PONTE DELFINOPOLIS
2026|4402,2026,4402,FORTALECIMENTO DO SUAS NA BACIA DO RIO DOCE
2026|4403,2026,4403,MINAS AGROINDUSTRIA
2026|4404,2026,4404,ASSISTENCIA AO SEGURO E PECULIO DOS SERVIDORES DO ESTADO DE MINAS GERAIS
2026|4406,2026,4406,REGULACAO DE CONCESSOES E PPPS
2026|4408,2026,4408,EQUALIZACAO DE TAXAS DE JUROS NO FUNDO MG INVESTE
"2026|4409,2026,4409,AUXILIO FINANCEIRO AO SEGURADO             				"
"2026|4410,2026,4410,ATENDIMENTO DE ORDENS JUDICIAIS PARA ASSISTENCIA A SAUDE				"
2026|4411,2026,4411,GESTAO DO HOSPITAL UNIVERSITARIO
2026|4412,2026,4412,ACESSO AO TRABALHO E A RENDA
"2026|4413,2026,4413,""APOIO A GESTAO DE RECURSOS HIDRICOS, RECURSOS REEMBOLSAVEIS"""
2026|4414,2026,4414,ENFRENTAMENTO A VIOLENCIA DOMESTICA E INTRAFAMILIAR CONTRA AS MULHERES
"2026|4415,2026,4415,""PROMOCAO, DEFESA E GARANTIA DOS DIREITOS DAS MULHERES"""
2026|4416,2026,4416,RAIZES DE MINAS
2026|4417,2026,4417,FOMENTO DOS ESPACOS CULTURAIS
2026|4418,2026,4418,ESCOLA SEGURA
2026|4419,2026,4419,ESTRADAS E INFRAESTRUTURA RURAL
2026|4420,2026,4420,MECANIZACAO NO CAMPO
2026|4421,2026,4421,PRODUCAO DE ESPETACULOS DOS CORPOS ARTISTICOS
2026|4422,2026,4422,GERENCIAMENTO DO CONTRATO DE GESTAO
2026|4423,2026,4423,FOMENTO A ATIVIDADES ARTISTICAS E CULTURAIS DO PALACIO DA LIBERDADE
2026|4424,2026,4424,FOMENTO AO DESENVOLVIMENTO E A DIFUSAO DO AUDIOVISUAL MINEIRO
2026|4425,2026,4425,ATIVIDADES DE ENSINO E DE EXTENSAO DO CENTRO DE FORMACAO ARTISTICA E TECNOLOGICA - CEFART
2026|4426,2026,4426,GESTAO DA AVIACAO DO GABINETE MILITAR DO GOVERNADOR
2026|4427,2026,4427,VIABILIZACAO DO ACESSO A HABITACAO DE INTERESSE SOCIAL
2026|4428,2026,4428,PROJETOS ESPECIAIS DE PROMOCAO E PROTECAO DA PRIMEIRA INFANCIA
2026|4429,2026,4429,PROTECAO SOCIAL ESPECIAL DE MEDIA COMPLEXIDADE
2026|4430,2026,4430,PROTECAO SOCIAL ESPECIAL DE ALTA COMPLEXIDADE
2026|4431,2026,4431,PISO MINEIRO DE ASSISTENCIA SOCIAL
2026|4432,2026,4432,GESTAO E APRIMORAMENTO DO FUNDO GARANTIDOR DE PPP
2026|4433,2026,4433,GESTAO DA POLITICA ESTADUAL DE ASSISTENCIA SOCIAL
2026|4434,2026,4434,FORTALECIMENTO DO CONTROLE SOCIAL DO SUAS
2026|4435,2026,4435,EDUCACAO PERMANENTE DO SUAS
"2026|4436,2026,4436,""APOIO AS ACOES DO FUNDO ESTADUAL DE PREVENCAO, FISCALIZACAO E REPRESSAO DOS ENTORPECENTES - FUNPREN"""
2026|4437,2026,4437,APOIO A REDE COMPLEMENTAR DE SUPORTE SOCIAL NA ATENCAO AO DEPENDENTE QUIMICO
2026|4438,2026,4438,DESCENTRALIZACAO DA POLITICA SOBRE DROGAS
2026|4439,2026,4439,EDUCACAO SANITARIA
2026|4440,2026,4440,CERTIFICACAO DE PRODUTOS E DE PROPRIEDADES AGROPECUARIAS E AGROINDUSTRIAIS
"2026|4441,2026,4441,""ADEQUACAO, MANUTENCAO E DESENVOLVIMENTO DO ATENDIMENTO SOCIOEDUCATIVO"""
2026|4442,2026,4442,FORMACAO EDUCACIONAL E PROFISSIONAL DO ADOLESCENTE EM CUMPRIMENTO DE MEDIDA SOCIOEDUCATIVA
2026|4443,2026,4443,ATENDIMENTO A SAUDE DO ADOLESCENTE EM CONFLITO COM A LEI
2026|4444,2026,4444,MG INVESTE
2026|4445,2026,4445,FISCALIZACAO DA GESTAO DE RECURSOS PUBLICOS E OPERACIONALIZACAO DAS ATRIBUICOES INSTITUCIONAIS
2026|4446,2026,4446,REGULACAO DA EXPANSAO URBANA DA REGIAO METROPOLITANA DE BELO HORIZONTE
2026|4447,2026,4447,GESTAO METROPOLITANA
2026|4449,2026,4449,APOIO A GESTAO DE PROJETOS DE INOVACAO TECNOLOGICA
2026|4450,2026,4450,DISPONIBILIZACAO DE PROCESSOS E DOCUMENTOS DIGITAIS NO ESTADO
2026|4451,2026,4451,GESTAO DOS CANAIS DIGITAIS DE ATENDIMENTO AO CIDADAO
2026|4452,2026,4452,GESTAO DAS UNIDADES DE ATENDIMENTO INTEGRADO - UAI
2026|4453,2026,4453,PROMOCAO DA INOVACAO NA GESTAO PUBLICA
2026|4454,2026,4454,GESTAO DOS PROJETOS ESTRATEGICOS
2026|4455,2026,4455,POPULARIZACAO DA CIENCIA
2026|4456,2026,4456,PESQUISA E DESENVOLVIMENTO
2026|4457,2026,4457,ATENDIMENTO DE ANALISES LABORATORIAIS DE INTERESSE DA SAUDE PUBLICA
2026|4458,2026,4458,PROMOCAO E FORTALECIMENTO DA PARTICIPACAO DO CONTROLE SOCIAL NA AREA DA SAUDE
"2026|4459,2026,4459,""PRODUCAO DE VACINA, SOROS E OUTROS PRODUTOS BIOLOGICOS"""
2026|4460,2026,4460,PRODUCAO DE MEDICAMENTOS SINTETICOS
2026|4461,2026,4461,RECUPERACAO E COMPENSACAO DOS DANOS EM FUNCAO DO DESASTRE MINERARIO DA SAMARCO EM MARIANA
2026|4462,2026,4462,RECUPERACAO E COMPENSACAO DOS DANOS EM FUNCAO DO DESASTRE MINERARIO DA VALE S.A EM BRUMADINHO
2026|4464,2026,4464,GESTAO DO PROCESSO DE ELABORACAO E ACOMPANHAMENTO DO PLANEJAMENTO E ORCAMENTO ESTADUAL  
2026|4465,2026,4465,GESTAO DA INFRAESTRUTURA DA CIDADE ADMINISTRATIVA
2026|4466,2026,4466,GESTAO DE TECNOLOGIA DA INFORMACAO E COMUNICACAO (TIC) DA CIDADE ADMINISTRATIVA
2026|4467,2026,4467,GESTAO DOS SERVICOS OPERACIONAIS E LOGISTICOS DA CIDADE ADMINISTRATIVA
2026|4468,2026,4468,PROVISAO DE CARGOS POR CONCURSO PUBLICO
2026|4471,2026,4471,METROPOLE PLANEJADA
2026|4472,2026,4472,APOIO A GESTAO DE PROJETOS DE PESQUISA E TECNOLOGIA
2026|4473,2026,4473,MODERNIZACAO EM GESTAO DE COMPRAS
2026|4474,2026,4474,ARTESANATO EMPREENDEDOR
2026|4475,2026,4475,ADMINISTRACAO DE PESSOAL
2026|4476,2026,4476,SAUDE DO SERVIDOR
"2026|4477,2026,4477,""DESEMPENHO, DESENVOLVIMENTO E VALORIZACAO DOS SERVIDORES PUBLICOS"""
2026|4478,2026,4478,TRANSFORMA MINAS
2026|4479,2026,4479,DESENVOLVIMENTO DA POLITICA DE REGIONALIZACAO DO TURISMO
"2026|4480,2026,4480,""FOMENTO A INCLUSAO SOCIAL, ACESSIBILIDADE E GARANTIA DE DIREITOS PARA PESSOAS COM DEFICIENCIA - PROM"""
2026|4482,2026,4482,GESTAO DE ATIVOS IMOBILIARIOS ALIENAVEIS - SEDE
2026|4483,2026,4483,APRIMORAMENTO DA GOVERNANCA DE TECNOLOGIA DA INFORMACAO E COMUNICACAO
2026|4484,2026,4484,GESTAO DO FOMENTO E DO SISTEMA DE FINANCIAMENTO A CULTURA
2026|4485,2026,4485,GESTAO DOS PROCESSOS DE LOGISTICA CORPORATIVA
2026|4486,2026,4486,GESTAO DA DESTINACAO DE IMOVEIS
2026|4487,2026,4487,GESTAO E DISPONIBILIZACAO DOS SISTEMAS CORPORATIVOS DE GESTAO LOGISTICA E PATRIMONIAL
2026|4488,2026,4488,IMPLANTACAO E OPERACAO DO ALMOXARIFADO VIRTUAL
2026|4489,2026,4489,APRIMORAMENTO DA REDE DE POSTOS PROPRIOS QUE ATENDE A FROTA ESTADUAL
2026|4490,2026,4490,FILHOS DE MINAS
2026|4491,2026,4491,APREENSAO E LIBERACAO DE VEICULOS
"2026|4492,2026,4492,""FISCALIZACAO, PREVENCAO E CONTROLE DE INFRACOES DE TRANSITO"""
2026|4493,2026,4493,OPERACIONALIZACAO DAS ATRIBUICOES INSTITUCIONAIS DO MINISTERIO PUBLICO - PROCURADORIA E PROMOTORIA D
2026|4494,2026,4494,REGISTRO DE CONDUTORES
2026|4495,2026,4495,REGISTRO DE VEICULOS
2026|4496,2026,4496,ATENDIMENTO E TRANSFORMACAO DE SERVICOS DE TRANSITO
2026|4497,2026,4497,APOIO FINANCEIRO AO TURISMO MINEIRO POR MEIO DO FUNDO DE ASSISTENCIA AO TURISMO - FASTUR
2026|4498,2026,4498,APOIO A AGROINDUSTRIA FAMILIAR
2026|4499,2026,4499,GOVERNANCA DAS EMPRESAS ESTATAIS
2026|4500,2026,4500,REGULARIZACAO FUNDIARIA DE UNIDADES DE CONSERVACAO
2026|4501,2026,4501,TRANSPORTE FERROVIARIO
2026|4502,2026,4502,GESTAO DO FUNDO ESPECIAL DE CREDITOS INADIMPLIDOS E DA  DIVIDA ATIVA - FECIDAT
2026|4503,2026,4503,GESTAO DE CONCESSOES DO TRANSPORTE COLETIVO E TERMINAIS
2026|4505,2026,4505,DESENVOLVIMENTO DA EDUCACAO QUILOMBOLA
2026|4506,2026,4506,DESENVOLVIMENTO DA EDUCACAO INDIGENA
2026|4507,2026,4507,DESENVOLVIMENTO DA EDUCACAO DO CAMPO
2026|4508,2026,4508,DESENVOLVIMENTO DA EDUCACAO INTEGRAL
2026|4509,2026,4509,DESENVOLVIMENTO DA EDUCACAO PRISIONAL E SOCIOEDUCATIVA
2026|4510,2026,4510,ATENDIMENTO AS ESCOLAS FAMILIA AGRICOLA
2026|4511,2026,4511,DESENVOLVIMENTO DO ENSINO MEDIO
2026|4512,2026,4512,DESENVOLVIMENTO DA EDUCACAO PROFISSIONAL
2026|4513,2026,4513,FOMENTO A PESQUISA CIENTIFICA BASICA E APLICADA E AO DESENVOLVIMENTO TECNOLOGICO
2026|4514,2026,4514,PROMOCAO DO ESPORTE DE PARTICIPACAO E RENDIMENTO COMO INSTRUMENTO DE DESENVOLVIMENTO SOCIAL
2026|4515,2026,4515,MANUTENCAO DA OPERACAO DOS CENTROS EDUCACIONAIS
2026|4516,2026,4516,APOIO A MECANIZACAO DA PRODUCAO AGRICOLA
2026|4518,2026,4518,METROPOLE DIGITAL
2026|4519,2026,4519,MAOS A OBRA
2026|4525,2026,4525,ATENDIMENTO AS INSTITUICOES PUBLICAS DE ENSINO SUPERIOR
2026|4526,2026,4526,CONTROLE DE CARGAS
2026|4527,2026,4527,CUSTEIO DAS UNIDADES ESCOLARES
2026|4528,2026,4528,MINAS REURB ARMVA
2026|4529,2026,4529,INTEGRACAO DO PLANEJAMENTO NA REGIAO METROPOLITANA DO VALE DO ACO
2026|4530,2026,4530,OPERACAO VIARIA E FISCALIZACAO DE TRANSPORTE E TRANSITO
2026|4539,2026,4539,ASSISTENCIA COMPLEMENTAR
2026|4541,2026,4541,ATIVOS IMOBILIARIOS DE MINAS GERAIS - FAIMG
2026|4543,2026,4543,PROGRAMA MAOS DADAS
2026|4544,2026,4544,REGULARIZACAO FUNDIARIA DE TERRITORIOS COLETIVOS
2026|4545,2026,4545,PROGRAMA DE FORTALECIMENTO DAS ESCOLAS MUNICIPAIS
2026|4547,2026,4547,PROGRAMA ESTADUAL DO TRANSPORTE ESCOLAR - PTE/MG
2026|4549,2026,4549,FUNDO DE INVESTIMENTOS IMOBILIARIOS DE MINAS GERAIS - FIIMG
2026|4550,2026,4550,FORNECIMENTO DE REFEICOES NA UNIVERSIDADE
2026|4556,2026,4556,AMPLIACAO DE POSTOS DE ABASTECIMENTO PROPRIOS DO ESTADO - CBMMG
2026|7001,2026,7001,COBERTURA DO DEFICIT DO REGIME PROPRIO DE PREVIDENCIA SOCIAL - RPPS
2026|7002,2026,7002,ENCARGOS COM PENSIONISTAS
2026|7003,2026,7003,RESTITUICAO AO TJMG DOS DEPOSITOS JUDICIAIS
2026|7004,2026,7004,PRECATORIOS E SENTENCAS JUDICIARIAS
2026|7005,2026,7005,BENEFICIOS PREVIDENCIARIOS - SECOM
2026|7006,2026,7006,PROVENTOS DE INATIVOS CIVIS E PENSIONISTAS
2026|7007,2026,7007,PROVENTOS DE INATIVOS MILITARES
2026|7008,2026,7008,BENEFICIO PREVIDENCIARIO DE PENSAO
2026|7009,2026,7009,BENEFICIOS PREVIDENCIARIOS - CASA CIVIL
2026|7010,2026,7010,BENEFICIOS ASSISTENCIAIS
2026|7011,2026,7011,BENEFICIOS PREVIDENCIARIOS - ARMBH
2026|7012,2026,7012,BENEFICIOS PREVIDENCIARIOS - ESP-MG
2026|7013,2026,7013,GESTAO DE GARANTIA E/OU CONTRAGARANTIA EM OPERACOES DE TERCEIROS
2026|7014,2026,7014,BENEFICIOS PREVIDENCIARIOS - SEJUSP
2026|7015,2026,7015,BENEFICIOS PREVIDENCIARIOS - ARSAE-MG
2026|7016,2026,7016,COMPENSACAO PREVIDENCIARIA FINANCEIRA ENTRE REGIMES DE PREVIDENCIA
2026|7017,2026,7017,BENEFICIOS PREVIDENCIARIOS - GABINETE MILITAR
2026|7018,2026,7018,BENEFICIOS PREVIDENCIARIOS - AGE
2026|7019,2026,7019,FUNDO DE EQUALIZACAO FEDERATIVA
2026|7020,2026,7020,BENEFICIOS PREVIDENCIARIOS - ARTEMIG
2026|7022,2026,7022,BENEFICIOS PREVIDENCIARIOS - FAPEMIG
2026|7023,2026,7023,PROVENTOS DE APOSENTADORIA E PENSAO DE EXTINTOS CONVENIOS
2026|7024,2026,7024,PAGAMENTOS MENSAIS DE PROVENTOS  AOS ASSISTIDOS E PENSIONISTAS DO PLANO DE PREVIDENCIA COMPLEMENTAR
2026|7027,2026,7027,BENEFICIOS PREVIDENCIARIOS - ALMG
2026|7028,2026,7028,BENEFICIOS PREVIDENCIARIOS - TJMG
2026|7030,2026,7030,ENCARGOS DEVIDOS POR FINANCIAMENTO JUNTO AO INSTITUTO NACIONAL DA SEGURIDADE SOCIAL - INSS
2026|7031,2026,7031,BENEFICIOS PREVIDENCIARIOS - MPMG
2026|7032,2026,7032,BENEFICIOS PREVIDENCIARIOS - TJMMG
2026|7033,2026,7033,BENEFICIOS PREVIDENCIARIOS - TCEMG
2026|7034,2026,7034,BENEFICIOS PREVIDENCIARIOS - DEF PUB
2026|7037,2026,7037,BENEFICIOS PREVIDENCIARIOS - SEF
2026|7038,2026,7038,APORTE FINANCEIRO PARA COBERTURA DA NECESSIDADE DE FINANCIAMENTO DA PREVIDENCIA DOS SERVIDORES DO ES
2026|7039,2026,7039,BENEFICIOS PREVIDENCIARIOS - ARMVA
2026|7040,2026,7040,BENEFICIOS PREVIDENCIARIOS - SEC GERAL
2026|7043,2026,7043,ENCARGOS DEVIDOS POR FINANCIAMENTO JUNTO AO PROGRAMA DE FORMACAO DO PATRIMONIO DO SERVIDOR PUBLICO -
2026|7044,2026,7044,BENEFICIOS PREVIDENCIARIOS - CGE
2026|7046,2026,7046,BENEFICIOS PREVIDENCIARIOS - UNIMONTES
2026|7047,2026,7047,BENEFICIOS PREVIDENCIARIOS - IPEM/MG
2026|7048,2026,7048,BENEFICIOS PREVIDENCIARIOS - PCMG
2026|7049,2026,7049,BENEFICIOS PREVIDENCIARIOS - SEPLAG
2026|7051,2026,7051,BENEFICIOS PREVIDENCIARIOS - SEGOV
2026|7052,2026,7052,BENEFICIOS PREVIDENCIARIOS - SEDESE
2026|7054,2026,7054,PROGRAMACAO A CARGO DO ESTADO PARA A COMPANHIA DE DESENVOLVIMENTO DE MINAS GERAIS (CODEMGE)
2026|7055,2026,7055,BENEFICIOS PREVIDENCIARIOS - OGE
2026|7056,2026,7056,BENEFICIOS PREVIDENCIARIOS - SEDE
2026|7058,2026,7058,BENEFICIOS PREVIDENCIARIOS - SEAPA
2026|7059,2026,7059,BENEFICIOS PREVIDENCIARIOS - SECULT
2026|7060,2026,7060,BENEFICIOS PREVIDENCIARIOS - UEMG
2026|7061,2026,7061,BENEFICIOS PREVIDENCIARIOS - SEINFRA
2026|7063,2026,7063,BENEFICIOS PREVIDENCIARIOS - SEMAD
2026|7064,2026,7064,BENEFICIOS PREVIDENCIARIOS - PMMG
2026|7065,2026,7065,BENEFICIOS PREVIDENCIARIOS - CBMMG
2026|7088,2026,7088,BENEFICIOS PREVIDENCIARIOS - IMA
2026|7089,2026,7089,BENEFICIOS PREVIDENCIARIOS - FHA
2026|7091,2026,7091,BENEFICIOS PREVIDENCIARIOS - FUCAM
2026|7094,2026,7094,BENEFICIOS PREVIDENCIARIOS - FAOP
2026|7096,2026,7096,BENEFICIOS PREVIDENCIARIOS - FCS
2026|7104,2026,7104,BENEFICIOS PREVIDENCIARIOS - IEPHA
2026|7105,2026,7105,BENEFICIOS PREVIDENCIARIOS - TV MINAS
2026|7205,2026,7205,BENEFICIOS PREVIDENCIARIOS - DEER
"2026|7208,2026,7208,""PROVENTOS DE INATIVOS PARLAMENTARES, OUTROS CIVIS E PENSIONISTAS"""
2026|7209,2026,7209,BENEFICIOS PREVIDENCIARIOS - FUNED
2026|7225,2026,7225,BENEFICIOS PREVIDENCIARIOS - FHEMIG
2026|7312,2026,7312,BENEFICIOS PREVIDENCIARIOS - HEMOMINAS
2026|7428,2026,7428,BENEFICIOS PREVIDENCIARIOS - FEAM
2026|7441,2026,7441,PENSOES ESPECIAIS DE RESPONSABILIDADE DO PODER EXECUTIVO ESTADUAL
2026|7473,2026,7473,BENEFICIOS PREVIDENCIARIOS - IEF
2026|7484,2026,7484,BENEFICIOS PREVIDENCIARIOS - IGAM
2026|7529,2026,7529,BENEFICIOS PREVIDENCIARIOS - JUCEMG
2026|7541,2026,7541,PROGRAMACAO A CARGO DO ESTADO PARA A COMPANHIA DE DESENVOLVIMENTO DO ESTADO DE MINAS GERAIS (CODEMIG
2026|7586,2026,7586,BENEFICIOS PREVIDENCIARIOS - UTRAMIG
2026|7617,2026,7617,BENEFICIOS PREVIDENCIARIOS - LEMG
2026|7658,2026,7658,ENCARGOS DEVIDOS POR FINANCIAMENTO JUNTO AOS INSTITUTOS DE PREVIDENCIA DOS SERVIDORES MILITARES DO E
2026|7663,2026,7663,CAPTACAO DE RECURSOS PARA FORMACAO DO PROGRAMA DE FORMACAO DO PATRIMONIO DO SERVIDOR PUBLICO - PASEP
2026|7700,2026,7700,PROGRAMACAO A CARGO DO ESTADO PARA A MINAS GERAIS PARTICIPACOES (MGI)
2026|7707,2026,7707,PROGRAMACAO A CARGO DO ESTADO PARA A MINAS GERAIS ADMINISTRACAO E SERVICOS (MGS)
2026|7722,2026,7722,BENEFICIOS PREVIDENCIARIOS - FJP
2026|7723,2026,7723,PROGRAMACAO A CARGO DO ESTADO PARA A COMPANHIA DE TECNOLOGIA DA INFORMACAO DO ESTADO DE MINAS GERAIS
2026|7725,2026,7725,BENEFICIOS PREVIDENCIARIOS - IPSEMG
2026|7734,2026,7734,PROGRAMACAO A CARGO DO ESTADO PARA COMPANHIA DE HABITACAO DO ESTADO DE MINAS GERAIS (COHAB)
2026|7737,2026,7737,PROGRAMACAO A CARGO DO ESTADO PARA A COMPANHIA DE SANEAMENTO DE MINAS GERAIS (COPASA)
2026|7752,2026,7752,PROGRAMACAO A CARGO DO ESTADO PARA O BANCO DE DESENVOLVIMENTO DE MINAS GERAIS (BDMG)
2026|7758,2026,7758,PROGRAMACAO A CARGO DO ESTADO PARA A COMPANHIA ENEGETICA DE MINAS GERAIS (CEMIG)
2026|7759,2026,7759,PROGRAMACAO A CARGO DO ESTADO PARA TREM METROPOLITANO DE BELO HORIZONTE (METROMINAS)
2026|7803,2026,7803,PRECATORIOS E SENTENCAS JUDICIARIAS DA ADMINISTRACAO DIRETA DO PODER EXECUTIVO
2026|7840,2026,7840,BENEFICIOS PREVIDENCIARIOS - IPSM
2026|7886,2026,7886,GESTAO DA DIVIDA FUNDADA CONTRATUAL INTERNA
2026|7896,2026,7896,GESTAO DA DIVIDA FUNDADA CONTRATUAL EXTERNA
2026|7939,2026,7939,BENEFICIOS PREVIDENCIARIOS - IDENE
2026|7957,2026,7957,BENEFICIOS PREVIDENCIARIOS - SEE
2026|7959,2026,7959,BENEFICIOS PREVIDENCIARIOS - SES
2026|9999,2026,9999,RESERVA DE CONTINGENCIA
