chave_exec,mes_cod,ano,uo_cod,acao_cod,grupo_cod,iag_cod,fonte_cod,ipu_cod,elemento_item_cod,vlr_empenhado,vlr_liquidado
1|2026|1011|4239|1|0|10|1|1144,1,2026,1011,4239,1,0,10,1,1144,2199543.28,2199543.28
1|2026|1021|2009|3|0|10|1|3972,1,2026,1021,2009,3,0,10,1,3972,300000.0,0.0
1|2026|1031|2053|1|0|10|1|1605,1,2026,1031,2053,1,0,10,1,1605,156600.54,156600.54
1|2026|1051|4355|3|0|10|1|3952,1,2026,1051,4355,3,0,10,1,3952,58500.0,29587.37
1|2026|1071|4426|3|0|10|1|1401,1,2026,1071,4426,3,0,10,1,1401,20800.0,15006.06
1|2026|1081|2500|3|0|10|1|3912,1,2026,1081,2500,3,0,10,1,3912,1600.0,0.0
1|2026|1081|7803|3|0|10|9|9103,1,2026,1081,7803,3,0,10,9,9103,379432.52,379432.52
1|2026|1091|2009|3|0|10|1|3612,1,2026,1091,2009,3,0,10,1,3612,1400.0,1400.0
1|2026|1101|2417|1|0|10|1|1144,1,2026,1101,2417,1,0,10,1,1144,6327.9,6327.9
1|2026|1101|4110|3|0|10|1|3704,1,2026,1101,4110,3,0,10,1,3704,35195.76,0.0
1|2026|1191|2007|3|0|10|1|4004,1,2026,1191,2007,3,0,10,1,4004,504.16,0.0
1|2026|1191|2417|1|0|15|1|1143,1,2026,1191,2417,1,0,15,1,1143,49200.0,49200.0
1|2026|1191|2500|3|0|10|1|3704,1,2026,1191,2500,3,0,10,1,3704,55758.59,55758.59
1|2026|1191|4082|3|0|10|1|3611,1,2026,1191,4082,3,0,10,1,3611,5136.450000000001,2369.17
1|2026|1191|4082|3|0|10|1|3705,1,2026,1191,4082,3,0,10,1,3705,2400.0,0.0
1|2026|1191|4082|3|0|10|1|3913,1,2026,1191,4082,3,0,10,1,3913,601.8199999999999,101.82
1|2026|1191|4082|3|0|10|1|3920,1,2026,1191,4082,3,0,10,1,3920,6385.23,0.0
1|2026|1191|4082|3|0|10|1|3937,1,2026,1191,4082,3,0,10,1,3937,4000.0,0.0
1|2026|1191|4082|3|0|29|1|3701,1,2026,1191,4082,3,0,29,1,3701,7300.0,0.0
1|2026|1191|4083|3|0|10|1|3921,1,2026,1191,4083,3,0,10,1,3921,806.32,0.0
1|2026|1191|4095|3|0|10|1|3704,1,2026,1191,4095,3,0,10,1,3704,180699.93,60233.31
1|2026|1221|1073|3|0|32|1|1401,1,2026,1221,1073,3,0,32,1,1401,10000.0,7274.2
1|2026|1221|2417|1|0|10|1|1144,1,2026,1221,2417,1,0,10,1,1144,26912.46,26912.46
1|2026|1231|2500|3|0|10|1|3704,1,2026,1231,2500,3,0,10,1,3704,5557.75,0.0
1|2026|1231|4363|1|1|71|1|1146,1,2026,1231,4363,1,1,71,1,1146,20490.14,20490.14
1|2026|1251|2500|1|0|10|1|1207,1,2026,1251,2500,1,0,10,1,1207,265752.98,265752.98
1|2026|1251|4365|3|0|60|2|1501,1,2026,1251,4365,3,0,60,2,1501,924.34,600.34
1|2026|1251|4374|3|0|60|2|1501,1,2026,1251,4374,3,0,60,2,1501,775.8,0.0
1|2026|1261|2064|3|0|10|1|1401,1,2026,1261,2064,3,0,10,1,1401,20000.0,5401.0
1|2026|1261|2064|3|0|10|1|3302,1,2026,1261,2064,3,0,10,1,3302,754.0,754.0
1|2026|1261|2064|3|0|10|1|3969,1,2026,1261,2064,3,0,10,1,3969,6000.0,0.0
1|2026|1261|2064|3|0|10|1|4707,1,2026,1261,2064,3,0,10,1,4707,8666.74,8666.74
1|2026|1261|2086|3|0|23|7|810,1,2026,1261,2086,3,0,23,7,810,0.48,0.48
1|2026|1261|2095|3|0|10|1|3953,1,2026,1261,2095,3,0,10,1,3953,328000.0,0.0
1|2026|1261|2099|3|1|10|1|3301,1,2026,1261,2099,3,1,10,1,3301,300.0,0.0
1|2026|1261|2099|3|1|10|1|3302,1,2026,1261,2099,3,1,10,1,3302,1360.0,60.0
1|2026|1261|2101|3|0|21|1|4301,1,2026,1261,2101,3,0,21,1,4301,10893.45,0.0
1|2026|1261|2128|3|0|10|1|3604,1,2026,1261,2128,3,0,10,1,3604,8000.0,0.0
1|2026|1271|4322|3|0|10|1|4002,1,2026,1271,4322,3,0,10,1,4002,540.0,0.0
1|2026|1301|2500|3|0|10|1|3705,1,2026,1301,2500,3,0,10,1,3705,321790.97,0.0
1|2026|1371|4028|3|0|72|1|1401,1,2026,1371,4028,3,0,72,1,1401,10000.0,0.0
1|2026|1401|2500|3|0|10|1|3704,1,2026,1401,2500,3,0,10,1,3704,842949.4,0.0
1|2026|1401|4115|3|0|10|1|1501,1,2026,1401,4115,3,0,10,1,1501,553.84,246.10000000000002
1|2026|1401|4119|1|0|10|1|1201,1,2026,1401,4119,1,0,10,1,1201,3703652.82,3703652.82
1|2026|1441|4150|3|0|10|1|3003,1,2026,1441,4150,3,0,10,1,3003,23175.4,0.0
1|2026|1441|4150|3|0|10|1|3026,1,2026,1441,4150,3,0,10,1,3026,705.96,0.0
1|2026|1441|4150|3|0|10|1|3612,1,2026,1441,4150,3,0,10,1,3612,2800.0,2800.0
1|2026|1441|4150|3|0|10|1|3913,1,2026,1441,4150,3,0,10,1,3913,200.0,107.74
1|2026|1441|4193|1|0|10|1|1199,1,2026,1441,4193,1,0,10,1,1199,141101.04,141101.04
1|2026|1451|4353|3|0|10|7|1901,1,2026,1451,4353,3,0,10,7,1901,3037463.2,3037463.2
1|2026|1481|2500|3|0|71|1|4707,1,2026,1481,2500,3,0,71,1,4707,1100.0,0.0
1|2026|1481|4158|1|1|71|1|1119,1,2026,1481,4158,1,1,71,1,1119,275.16,275.16
1|2026|1481|4414|3|0|71|1|3704,1,2026,1481,4414,3,0,71,1,3704,61683.67,0.0
1|2026|1491|2051|3|0|10|1|3952,1,2026,1491,2051,3,0,10,1,3952,1500.0,1429.44
1|2026|1491|2417|1|0|10|1|1123,1,2026,1491,2417,1,0,10,1,1123,1433.28,1433.28
1|2026|1501|2417|1|0|10|1|1119,1,2026,1501,2417,1,0,10,1,1119,82264.9,82264.9
1|2026|1501|4465|3|0|10|1|3921,1,2026,1501,4465,3,0,10,1,3921,20000.0,0.0
1|2026|1501|4476|3|0|10|1|3912,1,2026,1501,4476,3,0,10,1,3912,1100.0,0.0
1|2026|1501|4486|3|0|10|1|4703,1,2026,1501,4486,3,0,10,1,4703,680.0,0.0
1|2026|1511|2417|1|0|10|1|1103,1,2026,1511,2417,1,0,10,1,1103,16593211.14,16593211.14
1|2026|1521|4309|3|0|10|1|4003,1,2026,1521,4309,3,0,10,1,4003,5600.0,0.0
1|2026|1541|2417|1|0|10|1|1146,1,2026,1541,2417,1,0,10,1,1146,180229.4,180229.4
1|2026|1631|2417|1|0|10|1|1304,1,2026,1631,2417,1,0,10,1,1304,117705.46,117705.46
1|2026|1711|2001|3|0|10|1|3909,1,2026,1711,2001,3,0,10,1,3909,1500000.0,0.0
1|2026|1711|2001|3|0|10|1|3952,1,2026,1711,2001,3,0,10,1,3952,3300.0,0.0
1|2026|1711|2417|1|0|10|1|1304,1,2026,1711,2417,1,0,10,1,1304,108075.21,108075.21
1|2026|1721|2417|1|0|10|1|1146,1,2026,1721,2417,1,0,10,1,1146,48967.64,48967.64
1|2026|1721|2500|3|0|10|1|3304,1,2026,1721,2500,3,0,10,1,3304,1000.0,0.0
1|2026|1916|7043|2|0|10|1|2106,1,2026,1916,7043,2,0,10,1,2106,284641.67,93794.61
1|2026|2011|2039|3|0|50|1|3704,1,2026,2011,2039,3,0,50,1,3704,11785.54,0.0
1|2026|2011|2039|3|0|50|1|3705,1,2026,2011,2039,3,0,50,1,3705,2351.5,0.0
1|2026|2011|2500|3|0|50|1|4710,1,2026,2011,2500,3,0,50,1,4710,1500000.0,1475732.92
1|2026|2011|4229|3|0|50|1|3961,1,2026,2011,4229,3,0,50,1,3961,839.96,0.0
1|2026|2011|4230|3|0|50|1|3921,1,2026,2011,4230,3,0,50,1,3921,3607.2,0.0
1|2026|2011|4231|4|0|50|1|5214,1,2026,2011,4231,4,0,50,1,5214,4500.0,0.0
1|2026|2011|4410|3|0|50|1|9108,1,2026,2011,4410,3,0,50,1,9108,120800.0,120800.0
1|2026|2041|2417|1|0|60|1|1117,1,2026,2041,2417,1,0,60,1,1117,17732.36,17732.36
1|2026|2061|2417|1|0|10|1|701,1,2026,2061,2417,1,0,10,1,701,11118.32,11118.32
1|2026|2071|1068|3|1|10|1|4301,1,2026,2071,1068,3,1,10,1,4301,167953.33,0.0
1|2026|2071|4048|3|0|10|1|1801,1,2026,2071,4048,3,0,10,1,1801,14100.0,7050.0
1|2026|2071|4048|3|0|10|1|4301,1,2026,2071,4048,3,0,10,1,4301,15682.5,0.0
1|2026|2071|4387|3|0|10|1|3993,1,2026,2071,4387,3,0,10,1,3993,56335.0,0.0
1|2026|2091|2417|1|0|72|1|1121,1,2026,2091,2417,1,0,72,1,1121,488707.18,488707.18
1|2026|2091|2500|3|0|72|1|3705,1,2026,2091,2500,3,0,72,1,3705,5045.36,0.0
1|2026|2101|2500|3|0|72|1|3925,1,2026,2101,2500,3,0,72,1,3925,1764.82,1764.82
1|2026|2121|4008|3|0|50|1|9313,1,2026,2121,4008,3,0,50,1,9313,701.2,701.2
1|2026|2121|7002|1|0|50|1|308,1,2026,2121,7002,1,0,50,1,308,97016377.68,97016377.68
1|2026|2151|4093|1|0|10|1|1101,1,2026,2151,4093,1,0,10,1,1101,13164.13,13164.13
1|2026|2151|4175|3|0|10|1|3922,1,2026,2151,4175,3,0,10,1,3922,300000.0,0.0
1|2026|2161|2417|1|0|10|1|1305,1,2026,2161,2417,1,0,10,1,1305,16467.15,16467.15
1|2026|2171|2500|3|0|10|1|4003,1,2026,2171,2500,3,0,10,1,4003,1.0,0.0
1|2026|2181|4423|3|0|10|1|3946,1,2026,2181,4423,3,0,10,1,3946,1847742.22,0.0
1|2026|2201|4271|3|0|10|1|1401,1,2026,2201,4271,3,0,10,1,1401,20000.0,0.0
1|2026|2211|2417|1|0|10|1|1321,1,2026,2211,2417,1,0,10,1,1321,11986.84,11986.84
1|2026|2241|4187|3|0|72|1|3987,1,2026,2241,4187,3,0,72,1,3987,1000.0,0.0
1|2026|2251|2417|1|0|60|1|1304,1,2026,2251,2417,1,0,60,1,1304,36466.76,36466.76
1|2026|2251|4051|3|0|60|1|3931,1,2026,2251,4051,3,0,60,1,3931,1600.0,0.0
1|2026|2261|2417|1|0|10|1|403,1,2026,2261,2417,1,0,10,1,403,154359.8,154359.8
1|2026|2271|2417|1|0|10|1|1122,1,2026,2271,2417,1,0,10,1,1122,22028.62,22028.62
1|2026|2271|2500|3|0|10|1|3304,1,2026,2271,2500,3,0,10,1,3304,7000.0,0.0
1|2026|2271|2500|3|0|10|1|3702,1,2026,2271,2500,3,0,10,1,3702,4946.99,0.0
1|2026|2271|2500|3|0|10|1|3913,1,2026,2271,2500,3,0,10,1,3913,20000.0,0.0
1|2026|2271|2500|3|0|10|1|4005,1,2026,2271,2500,3,0,10,1,4005,900.0,0.0
1|2026|2271|4029|3|0|10|1|1501,1,2026,2271,4029,3,0,10,1,1501,3114.56,0.0
1|2026|2271|4030|3|0|10|1|3008,1,2026,2271,4030,3,0,10,1,3008,792.0,0.0
1|2026|2271|4030|3|0|10|1|3010,1,2026,2271,4030,3,0,10,1,3010,18190.8,0.0
1|2026|2271|4030|3|0|10|1|3608,1,2026,2271,4030,3,0,10,1,3608,21970.2,0.0
1|2026|2271|4030|3|0|10|1|3962,1,2026,2271,4030,3,0,10,1,3962,30786.22,0.0
1|2026|2271|4030|3|0|10|1|4904,1,2026,2271,4030,3,0,10,1,4904,8047.96,8047.96
1|2026|2271|4031|3|0|10|1|3904,1,2026,2271,4031,3,0,10,1,3904,20703.12,0.0
1|2026|2271|4031|3|0|10|1|3929,1,2026,2271,4031,3,0,10,1,3929,16000.0,0.0
1|2026|2271|4032|3|0|10|1|3919,1,2026,2271,4032,3,0,10,1,3919,4730.85,0.0
1|2026|2271|4034|3|0|10|1|3919,1,2026,2271,4034,3,0,10,1,3919,5508.25,0.0
1|2026|2271|4034|3|0|10|1|3922,1,2026,2271,4034,3,0,10,1,3922,120000.0,0.0
1|2026|2271|4035|3|0|10|1|3012,1,2026,2271,4035,3,0,10,1,3012,117551.6,0.0
1|2026|2271|4036|3|0|10|1|3024,1,2026,2271,4036,3,0,10,1,3024,73712.43999999999,0.0
1|2026|2271|4036|3|0|10|1|3913,1,2026,2271,4036,3,0,10,1,3913,40000.0,0.0
1|2026|2281|4300|3|0|10|1|3931,1,2026,2281,4300,3,0,10,1,3931,400.0,0.0
1|2026|2301|2417|1|0|10|1|1121,1,2026,2301,2417,1,0,10,1,1121,1084429.16,1084429.16
1|2026|2301|2500|3|0|10|1|3969,1,2026,2301,2500,3,0,10,1,3969,5460.34,3522.38
1|2026|2301|4385|4|0|10|0|5112,1,2026,2301,4385,4,0,10,0,5112,401027.4,0.0
1|2026|2301|7004|3|0|10|9|9103,1,2026,2301,7004,3,0,10,9,9103,9047.8,9047.8
1|2026|2311|2417|1|0|10|1|1121,1,2026,2311,2417,1,0,10,1,1121,8922468.5,8922468.5
1|2026|2311|4001|3|0|10|1|4002,1,2026,2311,4001,3,0,10,1,4002,2250.0,0.0
1|2026|2321|4212|3|0|10|1|3921,1,2026,2321,4212,3,0,10,1,3921,450.0,0.0
1|2026|2321|4212|3|0|10|1|4002,1,2026,2321,4212,3,0,10,1,4002,18869.63,0.0
1|2026|2321|4237|3|0|10|1|3921,1,2026,2321,4237,3,0,10,1,3921,18000.0,0.0
1|2026|2331|4024|3|0|73|1|3969,1,2026,2331,4024,3,0,73,1,3969,400.0,0.0
1|2026|2351|2417|1|0|10|1|1117,1,2026,2351,2417,1,0,10,1,1117,210865.08,210865.08
1|2026|2351|4087|3|0|10|1|3304,1,2026,2351,4087,3,0,10,1,3304,10093.6,0.0
1|2026|2371|2417|1|0|10|1|1123,1,2026,2371,2417,1,0,10,1,1123,263279.82,263279.82
1|2026|2421|2500|3|0|71|1|4005,1,2026,2421,2500,3,0,71,1,4005,600.0,0.0
1|2026|2431|2417|1|0|10|1|9201,1,2026,2431,2417,1,0,10,1,9201,2039.44,2039.44
1|2026|2441|2417|1|0|59|1|9201,1,2026,2441,2417,1,0,59,1,9201,233.96,233.96
1|2026|2461|2417|3|0|10|7|4601,1,2026,2461,2417,3,0,10,7,4601,40050.0,40050.0
1|2026|2471|2417|1|0|10|1|1304,1,2026,2471,2417,1,0,10,1,1304,9015.32,9015.32
1|2026|4031|2109|3|0|77|1|1401,1,2026,4031,2109,3,0,77,1,1401,1000000.0,0.0
1|2026|4251|4433|3|0|71|1|3304,1,2026,4251,4433,3,0,71,1,3304,10500.0,0.0
1|2026|4291|2024|3|0|10|1|1401,1,2026,4291,2024,3,0,10,1,1401,76600.0,5249.6
1|2026|4291|2024|3|0|10|1|3026,1,2026,4291,2024,3,0,10,1,3026,223090.0,0.0
1|2026|4291|2024|3|0|10|1|3704,1,2026,4291,2024,3,0,10,1,3704,1194251.15,0.0
1|2026|4291|2024|3|0|10|1|3705,1,2026,4291,2024,3,0,10,1,3705,35802.0,0.0
1|2026|4291|2024|3|0|10|1|3912,1,2026,4291,2024,3,0,10,1,3912,262000.0,57220.9
1|2026|4291|2024|3|0|10|1|3913,1,2026,4291,2024,3,0,10,1,3913,400.0,0.0
1|2026|4291|2024|3|0|10|1|3919,1,2026,4291,2024,3,0,10,1,3919,4000.0,0.0
1|2026|4291|2024|3|0|10|1|3920,1,2026,4291,2024,3,0,10,1,3920,25877.36,3018.78
1|2026|4291|2024|3|0|10|1|3926,1,2026,4291,2024,3,0,10,1,3926,423.16,423.16
1|2026|4291|2024|3|0|10|1|3960,1,2026,4291,2024,3,0,10,1,3960,3400.0,0.0
1|2026|4291|2417|1|0|10|1|1103,1,2026,4291,2417,1,0,10,1,1103,4741088.98,4741088.98
1|2026|4291|2500|3|0|57|1|4101,1,2026,4291,2500,3,0,57,1,4101,104817.3,104817.3
1|2026|4291|4121|3|0|10|1|4101,1,2026,4291,4121,3,0,10,1,4101,1258051.74,0.0
1|2026|4291|4133|3|0|10|1|9108,1,2026,4291,4133,3,0,10,1,9108,6000.0,6000.0
1|2026|4441|1009|3|0|60|1|3625,1,2026,4441,1009,3,0,60,1,3625,4222.56,0.0
1|2026|4451|4256|3|0|60|1|3304,1,2026,4451,4256,3,0,60,1,3304,4400.0,0.0
1|2026|4711|7017|1|0|10|1|1322,1,2026,4711,7017,1,0,10,1,1322,8370.96,8370.96
1|2026|4711|7725|1|0|10|1|1322,1,2026,4711,7725,1,0,10,1,1322,495778.36,495778.36
2|2026|1011|4239|1|0|10|1|1144,2,2026,1011,4239,1,0,10,1,1144,2241238.04,2241238.04
2|2026|1021|2009|3|0|10|1|3972,2,2026,1021,2009,3,0,10,1,3972,0.0,45195.36
2|2026|1051|4355|3|0|10|1|3952,2,2026,1051,4355,3,0,10,1,3952,0.0,26521.46
2|2026|1071|4426|3|0|10|1|1401,2,2026,1071,4426,3,0,10,1,1401,26000.0,30425.7
2|2026|1081|2500|3|0|10|1|3912,2,2026,1081,2500,3,0,10,1,3912,1600.0,1085.28
2|2026|1081|7803|3|0|10|9|9116,2,2026,1081,7803,3,0,10,9,9116,1100.0,1100.0
2|2026|1101|2417|1|0|10|1|1144,2,2026,1101,2417,1,0,10,1,1144,6327.88,6327.88
2|2026|1101|4110|3|0|10|1|3704,2,2026,1101,4110,3,0,10,1,3704,0.0,29916.4
2|2026|1191|2007|3|0|10|1|4004,2,2026,1191,2007,3,0,10,1,4004,504.16,0.0
2|2026|1191|4079|3|0|10|1|3969,2,2026,1191,4079,3,0,10,1,3969,10800.0,4954.34
2|2026|1191|4081|3|0|10|1|3105,2,2026,1191,4081,3,0,10,1,3105,2142.86,2142.86
2|2026|1191|4082|3|0|10|1|3611,2,2026,1191,4082,3,0,10,1,3611,5136.450000000001,5136.450000000001
2|2026|1191|4082|3|0|10|1|3705,2,2026,1191,4082,3,0,10,1,3705,2400.0,462.4
2|2026|1191|4082|3|0|10|1|3913,2,2026,1191,4082,3,0,10,1,3913,1600.0,246.45999999999998
2|2026|1191|4082|3|0|10|1|3920,2,2026,1191,4082,3,0,10,1,3920,-6385.23,0.0
2|2026|1191|4082|3|0|10|1|3921,2,2026,1191,4082,3,0,10,1,3921,806.31,0.0
2|2026|1191|4082|3|0|10|1|3937,2,2026,1191,4082,3,0,10,1,3937,4000.0,0.0
2|2026|1191|4082|3|0|29|1|3701,2,2026,1191,4082,3,0,29,1,3701,7300.0,2012.12
2|2026|1191|4083|3|0|10|1|3921,2,2026,1191,4083,3,0,10,1,3921,0.0,403.16
2|2026|1191|4095|3|0|10|1|3704,2,2026,1191,4095,3,0,10,1,3704,0.0,60233.31
2|2026|1191|4107|3|0|10|1|1401,2,2026,1191,4107,3,0,10,1,1401,6000.0,0.0
2|2026|1221|1073|3|0|32|1|1401,2,2026,1221,1073,3,0,32,1,1401,10000.0,2683.2
2|2026|1221|2417|1|0|10|1|1144,2,2026,1221,2417,1,0,10,1,1144,23848.98,23848.98
2|2026|1231|2500|3|0|10|1|3704,2,2026,1231,2500,3,0,10,1,3704,0.0,5557.75
2|2026|1231|4363|1|1|71|1|1146,2,2026,1231,4363,1,1,71,1,1146,20490.14,20490.14
2|2026|1251|2060|3|0|60|2|3926,2,2026,1251,2060,3,0,60,2,3926,400.0,165.5
2|2026|1251|4365|3|0|60|2|1501,2,2026,1251,4365,3,0,60,2,1501,7819.68,8143.68
2|2026|1251|4365|3|0|60|2|3611,2,2026,1251,4365,3,0,60,2,3611,4804.57,4804.56
2|2026|1251|4365|3|0|60|2|3903,2,2026,1251,4365,3,0,60,2,3903,4680.0,4680.0
2|2026|1251|4365|3|0|60|2|3926,2,2026,1251,4365,3,0,60,2,3926,44.04,5.22
2|2026|1251|4374|3|0|60|2|1501,2,2026,1251,4374,3,0,60,2,1501,0.0,775.8
2|2026|1251|4374|3|0|60|2|3701,2,2026,1251,4374,3,0,60,2,3701,7172.91,7172.91
2|2026|1261|2064|3|0|10|1|1401,2,2026,1261,2064,3,0,10,1,1401,0.0,2700.5
2|2026|1261|2064|3|0|10|1|3969,2,2026,1261,2064,3,0,10,1,3969,20000.0,6384.25
2|2026|1261|2099|3|1|10|1|3301,2,2026,1261,2099,3,1,10,1,3301,0.0,300.0
2|2026|1261|2099|3|1|10|1|3302,2,2026,1261,2099,3,1,10,1,3302,-168.78,1131.22
2|2026|1261|2101|3|0|21|1|4301,2,2026,1261,2101,3,0,21,1,4301,391456.49,402349.94
2|2026|1261|2127|3|0|24|1|1401,2,2026,1261,2127,3,0,24,1,1401,1220.0,1220.0
2|2026|1261|4519|4|1|10|1|5103,2,2026,1261,4519,4,1,10,1,5103,225842.2,0.0
2|2026|1261|4547|3|0|10|1|4106,2,2026,1261,4547,3,0,10,1,4106,204792.46,204792.46
2|2026|1301|2500|3|0|10|1|3705,2,2026,1301,2500,3,0,10,1,3705,0.0,321790.96
2|2026|1371|4028|3|0|72|1|1401,2,2026,1371,4028,3,0,72,1,1401,6000.0,6022.8
2|2026|1371|4038|3|0|72|1|1314,2,2026,1371,4038,3,0,72,1,1314,2.0,2.0
2|2026|1371|4038|3|0|72|1|3913,2,2026,1371,4038,3,0,72,1,3913,64.98,64.98
2|2026|1371|4038|3|0|9|1|3705,2,2026,1371,4038,3,0,9,1,3705,464.0,464.0
2|2026|1401|1098|3|1|27|1|3915,2,2026,1401,1098,3,1,27,1,3915,180000.0,112156.26
2|2026|1401|2500|3|0|10|1|3704,2,2026,1401,2500,3,0,10,1,3704,0.0,835801.91
2|2026|1401|4113|3|0|10|1|4005,2,2026,1401,4113,3,0,10,1,4005,2000.0,0.0
2|2026|1401|4114|3|0|10|1|1501,2,2026,1401,4114,3,0,10,1,1501,786.0,786.0
2|2026|1401|4115|3|0|10|1|1501,2,2026,1401,4115,3,0,10,1,1501,1156.0,1463.74
2|2026|1401|4115|3|0|10|1|3023,2,2026,1401,4115,3,0,10,1,3023,70000.0,0.0
2|2026|1401|4119|1|0|10|1|1201,2,2026,1401,4119,1,0,10,1,1201,3693512.82,3693512.82
2|2026|1441|4150|3|0|10|1|3026,2,2026,1441,4150,3,0,10,1,3026,0.0,705.96
2|2026|1441|4150|3|0|10|1|3913,2,2026,1441,4150,3,0,10,1,3913,200.0,107.74
2|2026|1441|4193|1|0|10|1|1199,2,2026,1441,4193,1,0,10,1,1199,146314.9,146314.9
2|2026|1451|4344|3|0|60|2|1401,2,2026,1451,4344,3,0,60,2,1401,10200.0,6079.6
2|2026|1451|4348|3|0|60|2|3704,2,2026,1451,4348,3,0,60,2,3704,83664.07,83664.07
2|2026|1451|4351|3|0|60|2|4301,2,2026,1451,4351,3,0,60,2,4301,334136.9,334136.9
2|2026|1451|4353|3|0|10|1|3010,2,2026,1451,4353,3,0,10,1,3010,112444.0,0.0
2|2026|1451|4353|3|0|10|1|3705,2,2026,1451,4353,3,0,10,1,3705,5493.0,5493.0
2|2026|1451|4376|3|0|60|2|3703,2,2026,1451,4376,3,0,60,2,3703,19229.25,19229.25
2|2026|1451|4438|3|0|60|2|3705,2,2026,1451,4438,3,0,60,2,3705,3794.35,3794.35
2|2026|1451|4441|3|1|60|2|3959,2,2026,1451,4441,3,1,60,2,3959,7818.89,0.0
2|2026|1481|2500|3|0|71|1|4707,2,2026,1481,2500,3,0,71,1,4707,0.0,1040.0
2|2026|1481|4154|3|0|71|1|3704,2,2026,1481,4154,3,0,71,1,3704,11032.44,0.0
2|2026|1481|4158|1|1|71|1|1119,2,2026,1481,4158,1,1,71,1,1119,275.16,275.16
2|2026|1481|4168|3|0|38|1|3999,2,2026,1481,4168,3,0,38,1,3999,3838846.18,3838846.18
2|2026|1481|4182|3|0|71|1|3705,2,2026,1481,4182,3,0,71,1,3705,20876.45,9786.33
2|2026|1481|4184|3|0|71|1|3302,2,2026,1481,4184,3,0,71,1,3302,600.0,600.0
2|2026|1481|4204|3|0|71|1|3955,2,2026,1481,4204,3,0,71,1,3955,15412.0,15398.5
2|2026|1481|4414|3|0|71|1|3704,2,2026,1481,4414,3,0,71,1,3704,43862.75,53961.27
2|2026|1491|2051|3|0|10|1|3952,2,2026,1491,2051,3,0,10,1,3952,1700.0,0.0
2|2026|1491|2417|1|0|10|1|1123,2,2026,1491,2417,1,0,10,1,1123,1433.28,1433.28
2|2026|1501|2417|1|0|10|1|1119,2,2026,1501,2417,1,0,10,1,1119,82270.24,82270.24
2|2026|1501|4452|3|0|10|1|3920,2,2026,1501,4452,3,0,10,1,3920,43917.03,14639.01
2|2026|1501|4465|3|0|10|1|3921,2,2026,1501,4465,3,0,10,1,3921,40000.0,0.0
2|2026|1501|4476|3|0|10|1|3612,2,2026,1501,4476,3,0,10,1,3612,350.0,350.0
2|2026|1501|4476|3|0|10|1|3912,2,2026,1501,4476,3,0,10,1,3912,2200.0,879.98
2|2026|1501|4486|3|0|10|1|4703,2,2026,1501,4486,3,0,10,1,4703,680.0,665.92
2|2026|1501|4487|3|0|10|1|4003,2,2026,1501,4487,3,0,10,1,4003,281959.32,30928.16
2|2026|1501|4491|3|0|15|1|3991,2,2026,1501,4491,3,0,15,1,3991,169251.48,169251.48
2|2026|1511|2008|3|0|10|1|4005,2,2026,1511,2008,3,0,10,1,4005,2038.0,0.0
2|2026|1511|4060|3|0|60|2|3611,2,2026,1511,4060,3,0,60,2,3611,6993.77,6993.77
2|2026|1511|4060|3|0|60|2|3704,2,2026,1511,4060,3,0,60,2,3704,97312.88,0.0
2|2026|1511|4060|3|0|60|2|3937,2,2026,1511,4060,3,0,60,2,3937,6000.0,4431.6
2|2026|1511|4060|4|0|10|3|5217,2,2026,1511,4060,4,0,10,3,5217,31762.96,0.0
2|2026|1511|4061|3|0|10|1|3921,2,2026,1511,4061,3,0,10,1,3921,19594.07,0.0
2|2026|1511|7010|3|0|10|7|802,2,2026,1511,7010,3,0,10,7,802,360.0,360.0
2|2026|1521|4309|3|0|10|1|4003,2,2026,1521,4309,3,0,10,1,4003,5600.0,5600.0
2|2026|1541|2417|1|0|10|1|1146,2,2026,1541,2417,1,0,10,1,1146,181973.6,181973.6
2|2026|1631|2417|1|0|10|1|1304,2,2026,1631,2417,1,0,10,1,1304,134210.26,134210.26
2|2026|1711|2001|3|0|10|1|3952,2,2026,1711,2001,3,0,10,1,3952,8000.0,3200.0
2|2026|1711|2417|1|0|10|1|1304,2,2026,1711,2417,1,0,10,1,1304,100248.51,100248.51
2|2026|1721|2417|1|0|10|1|1146,2,2026,1721,2417,1,0,10,1,1146,49082.91,49082.91
2|2026|1721|2500|3|0|10|1|3304,2,2026,1721,2500,3,0,10,1,3304,10000.0,3485.25
2|2026|1916|7043|2|0|10|1|2106,2,2026,1916,7043,2,0,10,1,2106,0.0,95670.83
2|2026|2011|2014|4|0|10|1|4009,2,2026,2011,2014,4,0,10,1,4009,390000.0,0.0
2|2026|2011|2039|3|0|50|1|3611,2,2026,2011,2039,3,0,50,1,3611,3400.0,1700.0
2|2026|2011|2039|3|0|50|1|3704,2,2026,2011,2039,3,0,50,1,3704,59546.619999999995,35666.08
2|2026|2011|2039|3|0|50|1|3705,2,2026,2011,2039,3,0,50,1,3705,10956.279999999999,6457.76
2|2026|2011|2039|3|0|50|1|3913,2,2026,2011,2039,3,0,50,1,3913,400.0,154.98
2|2026|2011|2500|3|0|50|1|4710,2,2026,2011,2500,3,0,50,1,4710,1500000.0,1487126.26
2|2026|2011|4229|3|0|50|1|3961,2,2026,2011,4229,3,0,50,1,3961,839.96,839.96
2|2026|2011|4230|3|0|50|1|3921,2,2026,2011,4230,3,0,50,1,3921,3607.2,0.0
2|2026|2011|7004|1|0|60|9|9103,2,2026,2011,7004,1,0,60,9,9103,5220.5,5220.5
2|2026|2041|2417|1|0|60|1|1117,2,2026,2041,2417,1,0,60,1,1117,17732.36,17732.36
2|2026|2061|2417|1|0|10|1|701,2,2026,2061,2417,1,0,10,1,701,10968.8,10968.8
2|2026|2071|1068|3|1|10|1|4301,2,2026,2071,1068,3,1,10,1,4301,0.0,167953.33
2|2026|2071|4048|3|0|10|1|4301,2,2026,2071,4048,3,0,10,1,4301,0.0,15682.5
2|2026|2071|4387|3|0|10|1|3993,2,2026,2071,4387,3,0,10,1,3993,0.0,56335.0
2|2026|2091|2500|3|0|72|1|3027,2,2026,2091,2500,3,0,72,1,3027,115.0,115.0
2|2026|2091|2500|3|0|72|1|3611,2,2026,2091,2500,3,0,72,1,3611,14650.0,0.0
2|2026|2091|2500|3|0|72|1|3703,2,2026,2091,2500,3,0,72,1,3703,8458.32,8458.32
2|2026|2091|2500|3|0|72|1|3705,2,2026,2091,2500,3,0,72,1,3705,4992.84,10038.2
2|2026|2091|2500|3|0|72|1|3918,2,2026,2091,2500,3,0,72,1,3918,140.0,0.0
2|2026|2091|2500|3|0|72|1|3921,2,2026,2091,2500,3,0,72,1,3921,800.0,800.0
2|2026|2091|2500|3|0|72|1|3931,2,2026,2091,2500,3,0,72,1,3931,1103.77,0.0
2|2026|2101|2500|3|0|72|1|3703,2,2026,2101,2500,3,0,72,1,3703,4277.93,4277.93
2|2026|2101|2500|3|0|72|1|3704,2,2026,2101,2500,3,0,72,1,3704,12497.41,12497.41
2|2026|2101|2500|3|0|72|1|3912,2,2026,2101,2500,3,0,72,1,3912,5714.92,4268.360000000001
2|2026|2101|2500|3|0|72|1|3913,2,2026,2101,2500,3,0,72,1,3913,6531.48,6531.48
2|2026|2101|4055|3|0|72|1|3912,2,2026,2101,4055,3,0,72,1,3912,1400.0,0.0
2|2026|2101|4055|3|0|72|1|3920,2,2026,2101,4055,3,0,72,1,3920,1733.02,1733.02
2|2026|2101|4056|3|0|61|1|3703,2,2026,2101,4056,3,0,61,1,3703,11760.79,11760.79
2|2026|2101|4059|3|0|72|1|3703,2,2026,2101,4059,3,0,72,1,3703,21965.74,21965.74
2|2026|2101|4059|3|0|72|1|3704,2,2026,2101,4059,3,0,72,1,3704,34474.72,34474.72
2|2026|2101|4059|3|0|72|1|3926,2,2026,2101,4059,3,0,72,1,3926,200.0,200.0
2|2026|2101|4091|3|0|72|1|1501,2,2026,2101,4091,3,0,72,1,1501,1027.9,1027.9
2|2026|2121|4010|3|0|49|1|805,2,2026,2121,4010,3,0,49,1,805,3036.0,3036.0
2|2026|2121|7002|1|0|50|1|308,2,2026,2121,7002,1,0,50,1,308,97015394.44,97015394.44
2|2026|2151|4093|1|0|10|1|1101,2,2026,2151,4093,1,0,10,1,1101,16020.45,16020.45
2|2026|2151|4175|3|0|10|1|3922,2,2026,2151,4175,3,0,10,1,3922,0.0,231813.89
2|2026|2161|2417|1|0|10|1|1305,2,2026,2161,2417,1,0,10,1,1305,17963.03,17963.03
2|2026|2181|4423|3|0|10|1|3946,2,2026,2181,4423,3,0,10,1,3946,0.0,1847742.22
2|2026|2201|4271|3|0|10|1|1401,2,2026,2201,4271,3,0,10,1,1401,0.0,8891.6
2|2026|2211|2417|1|0|10|1|1321,2,2026,2211,2417,1,0,10,1,1321,12302.54,12302.54
2|2026|2251|2417|1|0|60|1|1304,2,2026,2251,2417,1,0,60,1,1304,33838.96,33838.96
2|2026|2251|4051|3|0|60|1|3931,2,2026,2251,4051,3,0,60,1,3931,1552.11,1552.11
2|2026|2261|2417|1|0|10|1|403,2,2026,2261,2417,1,0,10,1,403,150860.78,150860.78
2|2026|2271|2417|1|0|10|1|1122,2,2026,2271,2417,1,0,10,1,1122,41532.18,41532.18
2|2026|2271|2500|3|0|10|1|3304,2,2026,2271,2500,3,0,10,1,3304,0.0,315.7
2|2026|2271|2500|3|0|10|1|3702,2,2026,2271,2500,3,0,10,1,3702,7641.76,4946.99
2|2026|2271|2500|3|0|10|1|3913,2,2026,2271,2500,3,0,10,1,3913,20000.0,11233.72
2|2026|2271|2500|3|0|10|1|4005,2,2026,2271,2500,3,0,10,1,4005,900.0,0.0
2|2026|2271|2500|3|0|68|1|1401,2,2026,2271,2500,3,0,68,1,1401,17551.36,16926.24
2|2026|2271|4029|3|0|10|1|1501,2,2026,2271,4029,3,0,10,1,1501,0.0,3114.56
2|2026|2271|4030|3|0|10|1|3010,2,2026,2271,4030,3,0,10,1,3010,0.0,12690.0
2|2026|2271|4030|3|0|10|1|3017,2,2026,2271,4030,3,0,10,1,3017,14.6,0.0
2|2026|2271|4030|3|0|10|1|3608,2,2026,2271,4030,3,0,10,1,3608,-6277.2,15693.0
2|2026|2271|4030|3|0|10|1|3703,2,2026,2271,4030,3,0,10,1,3703,152826.25,75093.82
2|2026|2271|4030|3|0|10|1|3962,2,2026,2271,4030,3,0,10,1,3962,30786.22,30786.22
2|2026|2271|4030|3|0|10|1|4904,2,2026,2271,4030,3,0,10,1,4904,12500.0,8919.21
2|2026|2271|4031|3|0|10|1|3904,2,2026,2271,4031,3,0,10,1,3904,0.0,20703.12
2|2026|2271|4031|3|0|10|1|3922,2,2026,2271,4031,3,0,10,1,3922,42969.69,42969.67
2|2026|2271|4031|3|0|10|1|3929,2,2026,2271,4031,3,0,10,1,3929,0.0,4707.9
2|2026|2271|4032|3|0|10|1|3919,2,2026,2271,4032,3,0,10,1,3919,4730.85,4730.85
2|2026|2271|4034|3|0|10|1|3919,2,2026,2271,4034,3,0,10,1,3919,5507.35,5507.35
2|2026|2271|4034|3|0|10|1|3922,2,2026,2271,4034,3,0,10,1,3922,120000.0,135532.1
2|2026|2271|4035|3|0|10|1|3012,2,2026,2271,4035,3,0,10,1,3012,0.0,116403.6
2|2026|2271|4036|3|0|10|1|3024,2,2026,2271,4036,3,0,10,1,3024,0.0,7333.9
2|2026|2271|4036|3|0|10|1|3913,2,2026,2271,4036,3,0,10,1,3913,40000.0,48595.0
2|2026|2281|4300|3|0|10|1|3931,2,2026,2281,4300,3,0,10,1,3931,0.0,156.12
2|2026|2301|2417|1|0|10|1|1121,2,2026,2301,2417,1,0,10,1,1121,418571.12,418571.12
2|2026|2301|2500|3|0|10|1|3969,2,2026,2301,2500,3,0,10,1,3969,5460.34,3299.72
2|2026|2301|2500|3|0|10|1|4002,2,2026,2301,2500,3,0,10,1,4002,480587.12,0.0
2|2026|2301|4162|3|0|10|1|3302,2,2026,2301,4162,3,0,10,1,3302,300.0,300.0
2|2026|2301|4284|4|0|10|0|3999,2,2026,2301,4284,4,0,10,0,3999,13721.95,4429.53
2|2026|2301|4293|3|0|10|1|1401,2,2026,2301,4293,3,0,10,1,1401,682.2,682.2
2|2026|2301|4293|3|0|10|1|3704,2,2026,2301,4293,3,0,10,1,3704,6481.59,6481.59
2|2026|2301|4293|3|0|10|1|3705,2,2026,2301,4293,3,0,10,1,3705,12153.72,8167.42
2|2026|2301|4293|3|0|10|1|3921,2,2026,2301,4293,3,0,10,1,3921,10387.939999999999,5193.969999999999
2|2026|2301|4293|3|0|10|1|3926,2,2026,2301,4293,3,0,10,1,3926,26.3,26.3
2|2026|2301|4293|3|0|10|1|3969,2,2026,2301,4293,3,0,10,1,3969,4172.56,4172.56
2|2026|2301|4293|3|0|10|1|3972,2,2026,2301,4293,3,0,10,1,3972,803.36,631.9000000000001
2|2026|2301|4293|3|0|10|1|4707,2,2026,2301,4293,3,0,10,1,4707,4515.82,4515.82
2|2026|2301|4385|4|0|10|0|5112,2,2026,2301,4385,4,0,10,0,5112,0.0,133586.68
2|2026|2301|4530|3|0|10|1|1401,2,2026,2301,4530,3,0,10,1,1401,11167.2,2167.2
2|2026|2311|2417|1|0|10|1|1121,2,2026,2311,2417,1,0,10,1,1121,305800.3,305800.3
2|2026|2321|4212|3|0|10|1|1401,2,2026,2321,4212,3,0,10,1,1401,5000.0,0.0
2|2026|2321|4212|3|0|10|1|3612,2,2026,2321,4212,3,0,10,1,3612,400.0,400.0
2|2026|2321|4212|3|0|10|1|3903,2,2026,2321,4212,3,0,10,1,3903,2541.0,0.0
2|2026|2321|4212|3|0|10|1|3921,2,2026,2321,4212,3,0,10,1,3921,6249.99,0.0
2|2026|2321|4212|3|0|10|1|4002,2,2026,2321,4212,3,0,10,1,4002,2.57,0.0
2|2026|2331|4024|3|0|73|1|3969,2,2026,2331,4024,3,0,73,1,3969,154.2,554.2
2|2026|2351|2417|1|0|10|1|1117,2,2026,2351,2417,1,0,10,1,1117,215310.8,215310.8
2|2026|2351|2500|3|0|10|1|1401,2,2026,2351,2500,3,0,10,1,1401,6000.0,0.0
2|2026|2351|2500|3|0|10|1|1801,2,2026,2351,2500,3,0,10,1,1801,12000.0,12000.0
2|2026|2351|4086|3|0|10|1|1401,2,2026,2351,4086,3,0,10,1,1401,24000.0,0.0
2|2026|2351|4086|3|0|10|1|3030,2,2026,2351,4086,3,0,10,1,3030,18189.44,0.0
2|2026|2351|4086|3|0|10|1|3703,2,2026,2351,4086,3,0,10,1,3703,217919.78,133678.21
2|2026|2351|4086|3|0|10|1|3921,2,2026,2351,4086,3,0,10,1,3921,4000.0,0.0
2|2026|2351|4086|3|0|10|1|3922,2,2026,2351,4086,3,0,10,1,3922,350000.0,224345.64
2|2026|2351|4086|3|0|10|1|3959,2,2026,2351,4086,3,0,10,1,3959,1846.08,923.04
2|2026|2351|4086|3|0|10|1|3969,2,2026,2351,4086,3,0,10,1,3969,11000.0,150.51
2|2026|2351|4087|3|0|10|1|1801,2,2026,2351,4087,3,0,10,1,1801,30000.0,23200.0
2|2026|2351|4088|3|0|10|1|1801,2,2026,2351,4088,3,0,10,1,1801,18000.0,12000.0
2|2026|2351|4090|3|0|10|1|1801,2,2026,2351,4090,3,0,10,1,1801,115050.0,0.0
2|2026|2371|2417|1|0|10|1|1123,2,2026,2371,2417,1,0,10,1,1123,267394.8,267394.8
2|2026|2371|2500|3|0|91|1|3301,2,2026,2371,2500,3,0,91,1,3301,1255.68,1255.68
2|2026|2371|2500|3|0|91|1|3912,2,2026,2371,2500,3,0,91,1,3912,3775.84,3773.34
2|2026|2371|2500|3|0|91|1|3913,2,2026,2371,2500,3,0,91,1,3913,2640.0,617.0
2|2026|2371|2500|3|0|91|1|3915,2,2026,2371,2500,3,0,91,1,3915,683.0,95.83
2|2026|2371|2500|3|0|91|1|3919,2,2026,2371,2500,3,0,91,1,3919,463.42,231.71
2|2026|2371|2500|3|0|91|1|3926,2,2026,2371,2500,3,0,91,1,3926,4.82,4.82
2|2026|2371|2500|3|0|91|1|3962,2,2026,2371,2500,3,0,91,1,3962,1006.36,1006.36
2|2026|2371|2500|3|0|91|1|4005,2,2026,2371,2500,3,0,91,1,4005,5372.8,0.0
2|2026|2371|4202|3|0|91|1|1401,2,2026,2371,4202,3,0,91,1,1401,879.16,879.16
2|2026|2371|4317|3|0|91|1|3906,2,2026,2371,4317,3,0,91,1,3906,4970.5,2982.3
2|2026|2421|2500|3|0|71|1|4005,2,2026,2421,2500,3,0,71,1,4005,600.0,0.0
2|2026|2461|2417|3|0|10|7|4601,2,2026,2461,2417,3,0,10,7,4601,32850.0,32850.0
2|2026|2471|2417|1|0|10|1|1304,2,2026,2471,2417,1,0,10,1,1304,9700.44,9700.44
2|2026|4031|2109|3|0|77|1|1401,2,2026,4031,2109,3,0,77,1,1401,2642000.0,811937.6
2|2026|4291|2024|3|0|10|1|1401,2,2026,4291,2024,3,0,10,1,1401,36600.0,33177.8
2|2026|4291|2024|3|0|10|1|3302,2,2026,4291,2024,3,0,10,1,3302,369.0,369.0
2|2026|4291|2024|3|0|10|1|3704,2,2026,4291,2024,3,0,10,1,3704,218458.88999999998,1025348.86
2|2026|4291|2024|3|0|10|1|3705,2,2026,4291,2024,3,0,10,1,3705,41801.0,31893.23
2|2026|4291|2024|3|0|10|1|3912,2,2026,4291,2024,3,0,10,1,3912,40000.0,203688.47999999998
2|2026|4291|2024|3|0|10|1|3913,2,2026,4291,2024,3,0,10,1,3913,0.0,75.32
2|2026|4291|2024|3|0|10|1|3919,2,2026,4291,2024,3,0,10,1,3919,3000.0,0.0
2|2026|4291|2024|3|0|10|1|3920,2,2026,4291,2024,3,0,10,1,3920,0.0,12938.68
2|2026|4291|2024|3|0|10|1|3960,2,2026,4291,2024,3,0,10,1,3960,0.0,1593.64
2|2026|4291|2417|1|0|10|1|1103,2,2026,4291,2417,1,0,10,1,1103,4743515.28,4743515.28
2|2026|4291|2500|3|0|10|1|3302,2,2026,4291,2500,3,0,10,1,3302,300.0,0.0
2|2026|4291|4121|3|0|10|1|4101,2,2026,4291,4121,3,0,10,1,4101,0.0,1038325.87
2|2026|4291|4126|3|0|10|1|3604,2,2026,4291,4126,3,0,10,1,3604,20000.0,0.0
2|2026|4291|4136|3|0|10|1|3929,2,2026,4291,4136,3,0,10,1,3929,12545542.4,6272771.2
2|2026|4291|4143|3|0|10|1|3604,2,2026,4291,4143,3,0,10,1,3604,40000.0,3873.4
2|2026|4291|4147|3|0|10|1|9399,2,2026,4291,4147,3,0,10,1,9399,1172.58,1172.58
2|2026|4291|4148|3|0|10|1|4101,2,2026,4291,4148,3,0,10,1,4101,4307.99,4307.99
2|2026|4291|4458|3|0|10|1|3919,2,2026,4291,4458,3,0,10,1,3919,3796.0,0.0
2|2026|4381|4201|4|0|83|1|3971,2,2026,4381,4201,4,0,83,1,3971,376079.0,0.0
2|2026|4451|4256|3|0|60|1|3304,2,2026,4451,4256,3,0,60,1,3304,30000.0,0.0
2|2026|4451|4256|3|0|60|1|3601,2,2026,4451,4256,3,0,60,1,3601,8000.0,3875.0
2|2026|4551|4404|3|0|10|1|811,2,2026,4551,4404,3,0,10,1,811,10878.92,10878.92
2|2026|4631|4218|3|0|10|1|8301,2,2026,4631,4218,3,0,10,1,8301,1068492.37,569194.95
2|2026|4711|7004|1|0|10|9|9103,2,2026,4711,7004,1,0,10,9,9103,1963.82,1963.82
2|2026|4711|7017|1|0|10|1|1322,2,2026,4711,7017,1,0,10,1,1322,8370.96,8370.96
2|2026|4711|7725|1|0|10|1|1322,2,2026,4711,7725,1,0,10,1,1322,492305.7,492305.7
3|2026|1011|4239|1|0|10|1|1144,3,2026,1011,4239,1,0,10,1,1144,2310800.18,2310800.18
3|2026|1021|2009|3|0|10|1|3972,3,2026,1021,2009,3,0,10,1,3972,0.0,44466.51
3|2026|1051|4355|3|0|10|1|3952,3,2026,1051,4355,3,0,10,1,3952,40000.0,36509.01
3|2026|1071|4426|3|0|10|1|1401,3,2026,1071,4426,3,0,10,1,1401,40000.0,29657.1
3|2026|1081|2500|3|0|10|1|3912,3,2026,1081,2500,3,0,10,1,3912,1600.0,1353.24
3|2026|1101|2417|1|0|10|1|1144,3,2026,1101,2417,1,0,10,1,1144,6327.9,6327.9
3|2026|1101|4110|3|0|10|1|3704,3,2026,1101,4110,3,0,10,1,3704,97766.0,32653.84
3|2026|1191|2007|3|0|10|1|4004,3,2026,1191,2007,3,0,10,1,4004,504.16,916.66
3|2026|1191|2417|1|0|15|1|1143,3,2026,1191,2417,1,0,15,1,1143,57600.0,57600.0
3|2026|1191|4079|3|0|10|1|3969,3,2026,1191,4079,3,0,10,1,3969,5400.0,4827.17
3|2026|1191|4082|3|0|10|1|3611,3,2026,1191,4082,3,0,10,1,3611,3320.09,3320.09
3|2026|1191|4082|3|0|10|1|3705,3,2026,1191,4082,3,0,10,1,3705,2400.0,1148.15
3|2026|1191|4082|3|0|10|1|3913,3,2026,1191,4082,3,0,10,1,3913,200.0,438.86
3|2026|1191|4082|3|0|10|1|3921,3,2026,1191,4082,3,0,10,1,3921,806.31,1612.62
3|2026|1191|4082|3|0|10|1|3937,3,2026,1191,4082,3,0,10,1,3937,4000.0,3983.8
3|2026|1191|4082|3|0|29|1|3701,3,2026,1191,4082,3,0,29,1,3701,7300.0,3996.6
3|2026|1191|4083|3|0|10|1|3921,3,2026,1191,4083,3,0,10,1,3921,403.16,403.16
3|2026|1191|4095|3|0|10|1|3704,3,2026,1191,4095,3,0,10,1,3704,0.0,60233.31
3|2026|1221|1073|3|0|32|1|1401,3,2026,1221,1073,3,0,32,1,1401,6000.0,11075.0
3|2026|1221|2417|1|0|10|1|1144,3,2026,1221,2417,1,0,10,1,1144,22123.74,22123.74
3|2026|1231|4363|1|1|71|1|1146,3,2026,1231,4363,1,1,71,1,1146,20490.14,20490.14
3|2026|1251|2060|3|0|60|2|3926,3,2026,1251,2060,3,0,60,2,3926,0.0,0.86
3|2026|1251|4365|3|0|60|2|1501,3,2026,1251,4365,3,0,60,2,1501,910.48,910.48
3|2026|1251|4365|3|0|60|2|3611,3,2026,1251,4365,3,0,60,2,3611,4804.56,0.0
3|2026|1251|4365|3|0|60|2|3926,3,2026,1251,4365,3,0,60,2,3926,9.72,9.72
3|2026|1251|4365|4|0|48|0|5203,3,2026,1251,4365,4,0,48,0,5203,5833800.21,0.0
3|2026|1251|4374|3|0|60|2|3701,3,2026,1251,4374,3,0,60,2,3701,7172.91,7172.91
3|2026|1251|4374|3|0|70|1|9306,3,2026,1251,4374,3,0,70,1,9306,284236.32,284236.32
3|2026|1261|2064|3|0|10|1|1401,3,2026,1261,2064,3,0,10,1,1401,20000.0,13265.7
3|2026|1261|2064|3|0|10|1|3969,3,2026,1261,2064,3,0,10,1,3969,0.0,3830.85
3|2026|1261|2095|3|0|10|1|3953,3,2026,1261,2095,3,0,10,1,3953,990000.0,321689.04
3|2026|1261|2101|3|0|21|1|4301,3,2026,1261,2101,3,0,21,1,4301,121952.64,121952.64
3|2026|1261|2128|3|0|10|1|3302,3,2026,1261,2128,3,0,10,1,3302,300.0,300.0
3|2026|1261|2128|3|0|10|1|3604,3,2026,1261,2128,3,0,10,1,3604,0.0,2209.0
3|2026|1261|2129|3|0|10|1|3302,3,2026,1261,2129,3,0,10,1,3302,1520.0,554.18
3|2026|1261|4547|3|0|10|1|4106,3,2026,1261,4547,3,0,10,1,4106,204792.46,204792.46
3|2026|1271|4322|3|0|10|1|4002,3,2026,1271,4322,3,0,10,1,4002,260.0,0.0
3|2026|1371|2500|4|0|9|1|5225,3,2026,1371,2500,4,0,9,1,5225,18144.0,0.0
3|2026|1371|4028|3|0|72|1|1401,3,2026,1371,4028,3,0,72,1,1401,18000.0,7991.24
3|2026|1371|4038|3|0|9|1|3705,3,2026,1371,4038,3,0,9,1,3705,394.4,394.4
3|2026|1401|1098|3|1|27|1|3915,3,2026,1401,1098,3,1,27,1,3915,102320.0,0.0
3|2026|1401|2500|3|0|10|1|3704,3,2026,1401,2500,3,0,10,1,3704,-7147.49,0.0
3|2026|1401|4115|3|0|10|1|1501,3,2026,1401,4115,3,0,10,1,1501,288.02,288.02
3|2026|1401|4115|3|0|10|1|3023,3,2026,1401,4115,3,0,10,1,3023,0.0,14751.42
3|2026|1401|4119|1|0|10|1|1201,3,2026,1401,4119,1,0,10,1,1201,3933842.4,3933842.4
3|2026|1401|4142|3|0|10|1|3026,3,2026,1401,4142,3,0,10,1,3026,2044134.9,0.0
3|2026|1441|4150|3|0|10|1|3003,3,2026,1441,4150,3,0,10,1,3003,0.0,19200.0
3|2026|1441|4150|3|0|10|1|3913,3,2026,1441,4150,3,0,10,1,3913,0.0,107.74
3|2026|1441|4193|1|0|10|1|1199,3,2026,1441,4193,1,0,10,1,1199,146314.9,146314.9
3|2026|1451|4344|3|0|60|2|1401,3,2026,1451,4344,3,0,60,2,1401,34600.0,4236.6
3|2026|1451|4348|3|0|60|2|3704,3,2026,1451,4348,3,0,60,2,3704,45502.65,45502.65
3|2026|1451|4353|3|0|10|1|3903,3,2026,1451,4353,3,0,10,1,3903,65000.0,0.0
3|2026|1451|4376|3|0|60|2|3703,3,2026,1451,4376,3,0,60,2,3703,36920.15,36920.15
3|2026|1451|4438|3|0|60|2|3705,3,2026,1451,4438,3,0,60,2,3705,387.34,387.34
3|2026|1451|4441|3|1|60|2|3959,3,2026,1451,4441,3,1,60,2,3959,16783.89,14367.78
3|2026|1481|2033|3|0|71|1|3304,3,2026,1481,2033,3,0,71,1,3304,2000.0,0.0
3|2026|1481|2079|3|0|71|1|8502,3,2026,1481,2079,3,0,71,1,8502,3678892.52,3678892.52
3|2026|1481|4154|3|0|71|1|3704,3,2026,1481,4154,3,0,71,1,3704,11032.44,11032.44
3|2026|1481|4158|1|1|71|1|1119,3,2026,1481,4158,1,1,71,1,1119,275.16,275.16
3|2026|1481|4182|3|0|71|1|3705,3,2026,1481,4182,3,0,71,1,3705,21509.66,20145.01
3|2026|1481|4184|3|0|71|1|3302,3,2026,1481,4184,3,0,71,1,3302,-87.3,-87.3
3|2026|1481|4414|3|0|71|1|3704,3,2026,1481,4414,3,0,71,1,3704,1193.06,52773.21
3|2026|1491|2051|3|0|10|1|3952,3,2026,1491,2051,3,0,10,1,3952,1600.0,3301.46
3|2026|1491|2417|1|0|10|1|1123,3,2026,1491,2417,1,0,10,1,1123,1433.28,1433.28
3|2026|1501|2417|1|0|10|1|1119,3,2026,1501,2417,1,0,10,1,1119,82270.24,82270.24
3|2026|1501|4452|3|0|10|1|3920,3,2026,1501,4452,3,0,10,1,3920,0.0,29278.02
3|2026|1501|4453|3|0|10|1|3302,3,2026,1501,4453,3,0,10,1,3302,1410.22,1410.22
3|2026|1501|4476|3|0|10|1|3912,3,2026,1501,4476,3,0,10,1,3912,0.0,1837.04
3|2026|1501|4486|3|0|10|1|4703,3,2026,1501,4486,3,0,10,1,4703,0.0,332.04
3|2026|1501|4487|3|0|10|1|4003,3,2026,1501,4487,3,0,10,1,4003,261897.0,146158.16
3|2026|1511|1006|4|0|98|1|5207,3,2026,1511,1006,4,0,98,1,5207,527867.34,0.0
3|2026|1511|2008|3|0|10|1|3961,3,2026,1511,2008,3,0,10,1,3961,344.0,0.0
3|2026|1511|4060|3|0|60|2|3611,3,2026,1511,4060,3,0,60,2,3611,6993.77,6993.77
3|2026|1511|4060|3|0|60|2|3704,3,2026,1511,4060,3,0,60,2,3704,84331.63,88596.21
3|2026|1511|4060|3|0|60|2|3913,3,2026,1511,4060,3,0,60,2,3913,2000.0,106.28
3|2026|1511|4060|3|0|60|2|3921,3,2026,1511,4060,3,0,60,2,3921,51443.52,51443.52
3|2026|1511|4060|3|0|60|2|3935,3,2026,1511,4060,3,0,60,2,3935,30000.0,22330.84
3|2026|1511|4060|3|0|60|2|3937,3,2026,1511,4060,3,0,60,2,3937,2040.0,3591.08
3|2026|1511|4060|3|0|60|2|3969,3,2026,1511,4060,3,0,60,2,3969,13420.83,13420.83
3|2026|1511|4061|3|0|10|1|3921,3,2026,1511,4061,3,0,10,1,3921,28559.91,38787.3
3|2026|1511|4065|3|0|60|2|1401,3,2026,1511,4065,3,0,60,2,1401,7662.32,7662.32
3|2026|1521|4309|3|0|10|1|4003,3,2026,1521,4309,3,0,10,1,4003,5600.0,5600.0
3|2026|1541|2417|1|0|10|1|1146,3,2026,1541,2417,1,0,10,1,1146,181973.6,181973.6
3|2026|1631|2417|1|0|10|1|1304,3,2026,1631,2417,1,0,10,1,1304,136026.3,136026.3
3|2026|1631|2500|3|0|10|1|3926,3,2026,1631,2500,3,0,10,1,3926,220.52,220.52
3|2026|1711|2001|3|0|10|1|3909,3,2026,1711,2001,3,0,10,1,3909,0.0,172736.6
3|2026|1711|2001|3|0|10|1|3952,3,2026,1711,2001,3,0,10,1,3952,5000.0,10617.03
3|2026|1711|2417|1|0|10|1|1304,3,2026,1711,2417,1,0,10,1,1304,96630.23,96630.23
3|2026|1721|2417|1|0|10|1|1146,3,2026,1721,2417,1,0,10,1,1146,49082.91,49082.91
3|2026|1721|2500|3|0|10|1|3304,3,2026,1721,2500,3,0,10,1,3304,9652.0,7403.86
3|2026|1916|7043|2|0|10|1|2106,3,2026,1916,7043,2,0,10,1,2106,365.2,95541.43
3|2026|2011|2014|4|0|10|1|4009,3,2026,2011,2014,4,0,10,1,4009,195000.0,184067.4
3|2026|2011|2039|3|0|50|1|3611,3,2026,2011,2039,3,0,50,1,3611,1700.0,1700.0
3|2026|2011|2039|3|0|50|1|3612,3,2026,2011,2039,3,0,50,1,3612,1200.0,1200.0
3|2026|2011|2039|3|0|50|1|3704,3,2026,2011,2039,3,0,50,1,3704,35666.08,32288.79
3|2026|2011|2039|3|0|50|1|3705,3,2026,2011,2039,3,0,50,1,3705,6352.96,6109.9400000000005
3|2026|2011|2039|3|0|50|1|3913,3,2026,2011,2039,3,0,50,1,3913,400.0,195.5
3|2026|2011|2039|3|0|50|1|3926,3,2026,2011,2039,3,0,50,1,3926,48.580000000000005,48.580000000000005
3|2026|2011|2500|3|0|50|1|4710,3,2026,2011,2500,3,0,50,1,4710,1540000.0,0.0
3|2026|2011|4229|3|0|50|1|3961,3,2026,2011,4229,3,0,50,1,3961,839.96,839.96
3|2026|2011|4230|3|0|50|1|3921,3,2026,2011,4230,3,0,50,1,3921,3607.2,7214.4
3|2026|2011|4231|4|0|50|1|5214,3,2026,2011,4231,4,0,50,1,5214,0.0,4500.0
3|2026|2041|2417|1|0|60|1|1117,3,2026,2041,2417,1,0,60,1,1117,17732.36,17732.36
3|2026|2061|2417|1|0|10|1|701,3,2026,2061,2417,1,0,10,1,701,10968.8,10968.8
3|2026|2071|4048|3|0|10|1|1801,3,2026,2071,4048,3,0,10,1,1801,9850.0,6200.0
3|2026|2091|2500|3|0|72|1|3611,3,2026,2091,2500,3,0,72,1,3611,14650.0,29300.0
3|2026|2091|2500|3|0|72|1|3703,3,2026,2091,2500,3,0,72,1,3703,4652.08,4652.08
3|2026|2091|2500|3|0|72|1|3705,3,2026,2091,2500,3,0,72,1,3705,8019.610000000001,8019.610000000001
3|2026|2091|2500|3|0|72|1|3918,3,2026,2091,2500,3,0,72,1,3918,0.0,140.0
3|2026|2091|2500|3|0|72|1|3921,3,2026,2091,2500,3,0,72,1,3921,800.0,800.0
3|2026|2091|2500|3|0|72|1|3931,3,2026,2091,2500,3,0,72,1,3931,1103.77,2104.56
3|2026|2101|2500|3|0|72|1|3703,3,2026,2101,2500,3,0,72,1,3703,4277.93,4277.93
3|2026|2101|2500|3|0|72|1|3704,3,2026,2101,2500,3,0,72,1,3704,17655.120000000003,17655.120000000003
3|2026|2101|2500|3|0|72|1|3912,3,2026,2101,2500,3,0,72,1,3912,6639.46,5310.4400000000005
3|2026|2101|2500|3|0|72|1|3913,3,2026,2101,2500,3,0,72,1,3913,113.28,113.28
3|2026|2101|4055|3|0|72|1|3912,3,2026,2101,4055,3,0,72,1,3912,1254.52,2654.52
3|2026|2101|4055|3|0|72|1|3920,3,2026,2101,4055,3,0,72,1,3920,1733.02,1733.02
3|2026|2101|4056|3|0|61|1|3703,3,2026,2101,4056,3,0,61,1,3703,11760.79,11760.79
3|2026|2101|4059|3|0|72|1|3703,3,2026,2101,4059,3,0,72,1,3703,21898.77,21898.77
3|2026|2101|4059|3|0|72|1|3704,3,2026,2101,4059,3,0,72,1,3704,37491.63,37491.63
3|2026|2121|7002|1|0|50|1|308,3,2026,2121,7002,1,0,50,1,308,73475457.98,73475457.98
3|2026|2151|4093|1|0|10|1|1101,3,2026,2151,4093,1,0,10,1,1101,16145.18,16145.18
3|2026|2151|4175|3|0|10|1|3922,3,2026,2151,4175,3,0,10,1,3922,250820.3,272074.29
3|2026|2161|2417|1|0|10|1|1305,3,2026,2161,2417,1,0,10,1,1305,18057.83,18057.83
3|2026|2181|4423|3|0|10|1|3946,3,2026,2181,4423,3,0,10,1,3946,1786035.7,0.0
3|2026|2201|4271|3|0|10|1|1401,3,2026,2201,4271,3,0,10,1,1401,40000.0,15700.0
3|2026|2211|2417|1|0|10|1|1321,3,2026,2211,2417,1,0,10,1,1321,12200.84,12200.84
3|2026|2251|2417|1|0|60|1|1304,3,2026,2251,2417,1,0,60,1,1304,76578.64,76578.64
3|2026|2251|4051|3|0|60|1|3931,3,2026,2251,4051,3,0,60,1,3931,1505.0,1552.11
3|2026|2261|2417|1|0|10|1|403,3,2026,2261,2417,1,0,10,1,403,141226.1,141226.1
3|2026|2271|2417|1|0|10|1|1122,3,2026,2271,2417,1,0,10,1,1122,48837.88,48837.88
3|2026|2271|2500|3|0|10|1|3304,3,2026,2271,2500,3,0,10,1,3304,-6684.3,0.0
3|2026|2271|2500|3|0|10|1|3702,3,2026,2271,2500,3,0,10,1,3702,4715.38,7641.76
3|2026|2271|2500|3|0|10|1|3913,3,2026,2271,2500,3,0,10,1,3913,0.0,7315.64
3|2026|2271|2500|3|0|10|1|4005,3,2026,2271,2500,3,0,10,1,4005,900.0,900.0
3|2026|2271|4030|3|0|10|1|3008,3,2026,2271,4030,3,0,10,1,3008,0.0,792.0
3|2026|2271|4030|3|0|10|1|3010,3,2026,2271,4030,3,0,10,1,3010,0.0,5500.8
3|2026|2271|4030|3|0|10|1|3017,3,2026,2271,4030,3,0,10,1,3017,0.0,14.6
3|2026|2271|4030|3|0|10|1|3608,3,2026,2271,4030,3,0,10,1,3608,690.5,690.5
3|2026|2271|4030|3|0|10|1|3703,3,2026,2271,4030,3,0,10,1,3703,0.0,77732.43
3|2026|2271|4030|3|0|10|1|3962,3,2026,2271,4030,3,0,10,1,3962,30786.22,30786.22
3|2026|2271|4030|3|0|10|1|4904,3,2026,2271,4030,3,0,10,1,4904,8919.21,9072.53
3|2026|2271|4031|3|0|10|1|3929,3,2026,2271,4031,3,0,10,1,3929,10000.0,7323.4
3|2026|2271|4032|3|0|10|1|3919,3,2026,2271,4032,3,0,10,1,3919,4730.85,4730.85
3|2026|2271|4034|3|0|10|1|3919,3,2026,2271,4034,3,0,10,1,3919,5507.0,5507.35
3|2026|2271|4034|3|0|10|1|3922,3,2026,2271,4034,3,0,10,1,3922,109367.72,78357.14
3|2026|2271|4035|3|0|10|1|3012,3,2026,2271,4035,3,0,10,1,3012,0.0,1148.0
3|2026|2271|4036|3|0|10|1|3024,3,2026,2271,4036,3,0,10,1,3024,3835.77,66378.54
3|2026|2271|4036|3|0|10|1|3913,3,2026,2271,4036,3,0,10,1,3913,40000.0,47504.32
3|2026|2281|4300|3|0|10|1|3931,3,2026,2281,4300,3,0,10,1,3931,800.0,186.06
3|2026|2301|2417|1|0|10|1|1121,3,2026,2301,2417,1,0,10,1,1121,239011.86,239011.86
3|2026|2301|2500|3|0|10|1|3969,3,2026,2301,2500,3,0,10,1,3969,5460.34,3689.3
3|2026|2301|2500|3|0|10|1|4002,3,2026,2301,2500,3,0,10,1,4002,0.0,422802.66
3|2026|2301|4162|3|0|10|1|3302,3,2026,2301,4162,3,0,10,1,3302,-0.06,-0.06
3|2026|2301|4284|4|0|10|0|3999,3,2026,2301,4284,4,0,10,0,3999,17500.0,23311.05
3|2026|2301|4293|3|0|10|1|1401,3,2026,2301,4293,3,0,10,1,1401,29761.2,15283.6
3|2026|2301|4293|3|0|10|1|3302,3,2026,2301,4293,3,0,10,1,3302,80.08,80.08
3|2026|2301|4293|3|0|10|1|3705,3,2026,2301,4293,3,0,10,1,3705,2556.31,6541.870000000001
3|2026|2301|4293|3|0|10|1|3921,3,2026,2301,4293,3,0,10,1,3921,0.0,5193.969999999999
3|2026|2301|4293|3|0|10|1|3926,3,2026,2301,4293,3,0,10,1,3926,225.98000000000002,225.98000000000002
3|2026|2301|4293|3|0|10|1|3969,3,2026,2301,4293,3,0,10,1,3969,35740.18,10769.26
3|2026|2301|4293|3|0|10|1|3972,3,2026,2301,4293,3,0,10,1,3972,4433.6,1697.6399999999999
3|2026|2301|4385|4|0|10|0|5112,3,2026,2301,4385,4,0,10,0,5112,-138131.66,0.0
3|2026|2311|2417|1|0|10|1|1121,3,2026,2311,2417,1,0,10,1,1121,256453.06,256453.06
3|2026|2311|4001|3|0|10|1|4002,3,2026,2311,4001,3,0,10,1,4002,0.0,2250.0
3|2026|2321|4212|3|0|10|1|3612,3,2026,2321,4212,3,0,10,1,3612,355.9,355.9
3|2026|2321|4212|3|0|10|1|3921,3,2026,2321,4212,3,0,10,1,3921,450.0,6249.99
3|2026|2321|4212|3|0|10|1|4002,3,2026,2321,4212,3,0,10,1,4002,19711.57,18872.2
3|2026|2321|4222|3|0|10|1|3612,3,2026,2321,4222,3,0,10,1,3612,12800.0,12800.0
3|2026|2321|4237|3|0|10|1|3921,3,2026,2321,4237,3,0,10,1,3921,0.0,18000.0
3|2026|2331|4024|3|0|73|1|3969,3,2026,2331,4024,3,0,73,1,3969,900.0,266.6
3|2026|2351|2417|1|0|10|1|1117,3,2026,2351,2417,1,0,10,1,1117,212638.3,212638.3
3|2026|2351|2500|3|0|10|1|1401,3,2026,2351,2500,3,0,10,1,1401,0.0,1759.0
3|2026|2351|4086|3|0|10|1|3703,3,2026,2351,4086,3,0,10,1,3703,193789.91999999998,131799.87
3|2026|2351|4086|3|0|10|1|3921,3,2026,2351,4086,3,0,10,1,3921,0.0,2960.0
3|2026|2351|4086|3|0|10|1|3922,3,2026,2351,4086,3,0,10,1,3922,225000.0,0.0
3|2026|2351|4086|3|0|10|1|3959,3,2026,2351,4086,3,0,10,1,3959,923.04,923.04
3|2026|2351|4086|3|0|10|1|3969,3,2026,2351,4086,3,0,10,1,3969,0.0,1763.04
3|2026|2351|4086|3|0|24|1|3604,3,2026,2351,4086,3,0,24,1,3604,4000.0,0.0
3|2026|2351|4087|3|0|10|1|1801,3,2026,2351,4087,3,0,10,1,1801,15000.0,15000.0
3|2026|2351|4088|3|0|10|1|1801,3,2026,2351,4088,3,0,10,1,1801,12000.0,0.0
3|2026|2351|4090|3|0|10|1|1801,3,2026,2351,4090,3,0,10,1,1801,51475.0,152800.0
3|2026|2371|2417|1|0|10|1|1123,3,2026,2371,2417,1,0,10,1,1123,271175.28,271175.28
3|2026|2371|2500|3|0|91|1|1401,3,2026,2371,2500,3,0,91,1,1401,3574.1800000000003,3574.1800000000003
3|2026|2371|2500|3|0|91|1|3302,3,2026,2371,2500,3,0,91,1,3302,216.66,216.66
3|2026|2371|2500|3|0|91|1|3912,3,2026,2371,2500,3,0,91,1,3912,3025.62,3025.62
3|2026|2371|2500|3|0|91|1|3913,3,2026,2371,2500,3,0,91,1,3913,860.0,1184.36
3|2026|2371|2500|3|0|91|1|3915,3,2026,2371,2500,3,0,91,1,3915,100.0,390.28
3|2026|2371|2500|3|0|91|1|3919,3,2026,2371,2500,3,0,91,1,3919,231.71,231.71
3|2026|2371|2500|3|0|91|1|3962,3,2026,2371,2500,3,0,91,1,3962,1049.22,524.61
3|2026|2371|2500|3|0|91|1|4005,3,2026,2371,2500,3,0,91,1,4005,2804.0,0.0
3|2026|2371|4202|3|0|91|1|1401,3,2026,2371,4202,3,0,91,1,1401,16099.2,16099.2
3|2026|2371|4317|3|0|91|1|3906,3,2026,2371,4317,3,0,91,1,3906,2004.15,2004.15
3|2026|2371|4319|3|0|91|1|1401,3,2026,2371,4319,3,0,91,1,1401,335.4,335.4
3|2026|2371|4440|3|0|91|1|1401,3,2026,2371,4440,3,0,91,1,1401,7161.86,5925.98
3|2026|2421|2500|3|0|71|1|4005,3,2026,2421,2500,3,0,71,1,4005,600.0,0.0
3|2026|2461|2417|3|0|10|7|4601,3,2026,2461,2417,3,0,10,7,4601,48750.0,48750.0
3|2026|2471|2417|1|0|10|1|1304,3,2026,2471,2417,1,0,10,1,1304,9015.32,9015.32
3|2026|2481|4491|1|0|10|1|1321,3,2026,2481,4491,1,0,10,1,1321,3154.89,3154.89
3|2026|4031|2109|3|0|77|1|1401,3,2026,4031,2109,3,0,77,1,1401,-8661.0,1986365.8
3|2026|4251|4433|3|0|71|1|3304,3,2026,4251,4433,3,0,71,1,3304,3500.0,0.0
3|2026|4291|2024|3|0|10|1|1401,3,2026,4291,2024,3,0,10,1,1401,297073.8,117088.4
3|2026|4291|2024|3|0|10|1|3026,3,2026,4291,2024,3,0,10,1,3026,0.0,200781.0
3|2026|4291|2024|3|0|10|1|3704,3,2026,4291,2024,3,0,10,1,3704,2330138.24,467999.35000000003
3|2026|4291|2024|3|0|10|1|3705,3,2026,4291,2024,3,0,10,1,3705,105106.09,12460.55
3|2026|4291|2024|3|0|10|1|3912,3,2026,4291,2024,3,0,10,1,3912,634812.72,173911.5
3|2026|4291|2024|3|0|10|1|3913,3,2026,4291,2024,3,0,10,1,3913,1000.0,74.34
3|2026|4291|2024|3|0|10|1|3919,3,2026,4291,2024,3,0,10,1,3919,10852.43,2743.5699999999997
3|2026|4291|2024|3|0|10|1|3920,3,2026,4291,2024,3,0,10,1,3920,52618.28,12938.68
3|2026|4291|2024|3|0|10|1|3960,3,2026,4291,2024,3,0,10,1,3960,0.0,1593.64
3|2026|4291|2026|3|0|10|1|3304,3,2026,4291,2026,3,0,10,1,3304,50150.0,0.0
3|2026|4291|2136|3|0|10|1|4104,3,2026,4291,2136,3,0,10,1,4104,193684066.22,193684066.22
3|2026|4291|2417|1|0|10|1|1103,3,2026,4291,2417,1,0,10,1,1103,4747232.68,4747232.68
3|2026|4291|2500|3|0|10|1|3302,3,2026,4291,2500,3,0,10,1,3302,167.98,467.98
3|2026|4291|4121|3|0|10|1|4101,3,2026,4291,4121,3,0,10,1,4101,-219725.87,0.0
3|2026|4291|4121|3|0|92|1|3921,3,2026,4291,4121,3,0,92,1,3921,5835.42,5835.42
3|2026|4291|4126|3|0|10|1|3604,3,2026,4291,4126,3,0,10,1,3604,0.0,3478.0
3|2026|4291|4136|3|0|10|1|3929,3,2026,4291,4136,3,0,10,1,3929,0.0,6272771.2
3|2026|4291|4143|3|0|10|1|3302,3,2026,4291,4143,3,0,10,1,3302,143.86,143.86
3|2026|4291|4143|3|0|10|1|3604,3,2026,4291,4143,3,0,10,1,3604,0.0,29616.6
3|2026|4291|4143|3|0|92|1|3631,3,2026,4291,4143,3,0,92,1,3631,7000.0,0.0
3|2026|4291|4147|3|0|10|1|3302,3,2026,4291,4147,3,0,10,1,3302,300.0,0.0
3|2026|4291|4147|3|0|92|1|3013,3,2026,4291,4147,3,0,92,1,3013,905.0,0.0
3|2026|4341|4263|3|0|31|1|3604,3,2026,4341,4263,3,0,31,1,3604,10000.0,7726.8
3|2026|4381|4201|4|0|83|1|3971,3,2026,4381,4201,4,0,83,1,3971,246268.0,0.0
3|2026|4451|4256|3|0|60|1|3304,3,2026,4451,4256,3,0,60,1,3304,37800.0,10205.19
3|2026|4451|4256|3|0|60|1|3601,3,2026,4451,4256,3,0,60,1,3601,4100.0,3975.0
3|2026|4631|4218|3|0|10|1|8301,3,2026,4631,4218,3,0,10,1,8301,1049230.53,503420.34
3|2026|4691|2071|3|0|57|1|3010,3,2026,4691,2071,3,0,57,1,3010,45266.38,0.0
3|2026|4711|7017|1|0|10|1|1322,3,2026,4711,7017,1,0,10,1,1322,8370.96,8370.96
3|2026|4711|7725|1|0|10|1|1322,3,2026,4711,7725,1,0,10,1,1322,487038.24,487038.24
4|2026|1011|4239|1|0|10|1|1144,4,2026,1011,4239,1,0,10,1,1144,2242690.86,2242690.86
4|2026|1021|2009|3|0|10|1|3972,4,2026,1021,2009,3,0,10,1,3972,0.0,49177.99
4|2026|1051|4355|3|0|10|1|3952,4,2026,1051,4355,3,0,10,1,3952,78000.0,0.0
4|2026|1071|4426|3|0|10|1|1401,4,2026,1071,4426,3,0,10,1,1401,24544.4,15434.4
4|2026|1071|4426|3|0|10|1|3994,4,2026,1071,4426,3,0,10,1,3994,140000.0,0.0
4|2026|1081|1014|3|0|95|1|4002,4,2026,1081,1014,3,0,95,1,4002,380484.25,0.0
4|2026|1081|2500|3|0|10|1|3912,4,2026,1081,2500,3,0,10,1,3912,4800.0,1308.2
4|2026|1091|2009|3|0|10|1|3612,4,2026,1091,2009,3,0,10,1,3612,-620.0,-620.0
4|2026|1101|2417|1|0|10|1|1144,4,2026,1101,2417,1,0,10,1,1144,7046.58,7046.58
4|2026|1101|4110|3|0|10|1|3704,4,2026,1101,4110,3,0,10,1,3704,0.0,28352.14
4|2026|1191|2007|3|0|10|1|4004,4,2026,1191,2007,3,0,10,1,4004,412.51,0.0
4|2026|1191|2019|3|0|10|1|9399,4,2026,1191,2019,3,0,10,1,9399,11553.68,11553.68
4|2026|1191|2417|1|0|15|1|1143,4,2026,1191,2417,1,0,15,1,1143,91800.0,91800.0
4|2026|1191|4079|3|0|10|1|3969,4,2026,1191,4079,3,0,10,1,3969,5400.0,5955.93
4|2026|1191|4082|3|0|10|1|3611,4,2026,1191,4082,3,0,10,1,3611,0.0,2767.28
4|2026|1191|4082|3|0|10|1|3705,4,2026,1191,4082,3,0,10,1,3705,2400.0,1548.4
4|2026|1191|4082|3|0|10|1|3913,4,2026,1191,4082,3,0,10,1,3913,0.0,242.34
4|2026|1191|4082|3|0|10|1|3921,4,2026,1191,4082,3,0,10,1,3921,848.44,0.0
4|2026|1191|4082|3|0|10|1|3937,4,2026,1191,4082,3,0,10,1,3937,5000.0,0.0
4|2026|1191|4082|3|0|29|1|3701,4,2026,1191,4082,3,0,29,1,3701,2300.0,8237.539999999999
4|2026|1191|4083|3|0|10|1|3921,4,2026,1191,4083,3,0,10,1,3921,424.22,403.16
4|2026|1191|4095|3|0|10|1|3704,4,2026,1191,4095,3,0,10,1,3704,168399.86,58225.53
4|2026|1221|1073|3|0|32|1|1401,4,2026,1221,1073,3,0,32,1,1401,18748.6,4062.0
4|2026|1221|2417|1|0|10|1|1144,4,2026,1221,2417,1,0,10,1,1144,24623.58,24623.58
4|2026|1231|4363|1|1|71|1|1146,4,2026,1231,4363,1,1,71,1,1146,22703.06,22703.06
4|2026|1251|2500|1|0|10|1|1207,4,2026,1251,2500,1,0,10,1,1207,17120.48,17120.48
4|2026|1251|4365|3|0|60|2|3611,4,2026,1251,4365,3,0,60,2,3611,4804.56,9609.12
4|2026|1251|4374|3|0|60|2|3701,4,2026,1251,4374,3,0,60,2,3701,7172.91,7172.91
4|2026|1251|4374|3|0|70|1|9306,4,2026,1251,4374,3,0,70,1,9306,-284236.32,-284236.32
4|2026|1261|2064|3|0|10|1|1401,4,2026,1261,2064,3,0,10,1,1401,0.0,11165.0
4|2026|1261|2064|3|0|10|1|3969,4,2026,1261,2064,3,0,10,1,3969,0.0,3376.64
4|2026|1261|2095|3|0|10|1|3953,4,2026,1261,2095,3,0,10,1,3953,0.0,321689.04
4|2026|1261|2101|3|0|21|1|4301,4,2026,1261,2101,3,0,21,1,4301,2076828.29,2076828.29
4|2026|1261|2129|3|0|10|1|3302,4,2026,1261,2129,3,0,10,1,3302,1000.0,911.74
4|2026|1261|4519|4|1|10|1|5103,4,2026,1261,4519,4,1,10,1,5103,-157420.39,68421.81
4|2026|1261|4547|3|0|10|1|4106,4,2026,1261,4547,3,0,10,1,4106,204792.46,204792.46
4|2026|1301|1037|4|0|10|3|5107,4,2026,1301,1037,4,0,10,3,5107,829790.07,0.0
4|2026|1301|2500|3|0|10|1|3705,4,2026,1301,2500,3,0,10,1,3705,112.68,112.68
4|2026|1371|2500|4|0|9|1|5225,4,2026,1371,2500,4,0,9,1,5225,0.0,18144.0
4|2026|1371|4028|3|0|72|1|1401,4,2026,1371,4028,3,0,72,1,1401,-851.4,9154.92
4|2026|1371|4038|3|0|9|1|3705,4,2026,1371,4038,3,0,9,1,3705,510.4,510.4
4|2026|1401|1098|3|1|27|1|3915,4,2026,1401,1098,3,1,27,1,3915,282319.0,93690.1
4|2026|1401|4115|3|0|10|1|1501,4,2026,1401,4115,3,0,10,1,1501,18.88,18.88
4|2026|1401|4115|3|0|10|1|3023,4,2026,1401,4115,3,0,10,1,3023,0.0,10239.83
4|2026|1401|4115|4|0|10|3|9306,4,2026,1401,4115,4,0,10,3,9306,41604.94,41604.94
4|2026|1401|4119|1|0|10|1|1201,4,2026,1401,4119,1,0,10,1,1201,1279743.02,1279743.02
4|2026|1441|2068|3|0|10|1|3948,4,2026,1441,2068,3,0,10,1,3948,675.0,405.0
4|2026|1441|4150|3|0|10|1|3003,4,2026,1441,4150,3,0,10,1,3003,19200.0,3975.4
4|2026|1441|4150|3|0|10|1|3913,4,2026,1441,4150,3,0,10,1,3913,200.0,107.74
4|2026|1441|4193|1|0|10|1|1199,4,2026,1441,4193,1,0,10,1,1199,35488612.0,35488612.0
4|2026|1451|4344|3|0|60|2|1401,4,2026,1451,4344,3,0,60,2,1401,0.0,8377.6
4|2026|1451|4348|3|0|60|2|3704,4,2026,1451,4348,3,0,60,2,3704,45080.24,45080.24
4|2026|1451|4353|3|0|10|1|3903,4,2026,1451,4353,3,0,10,1,3903,210000.0,33883.24
4|2026|1451|4353|3|0|10|7|1901,4,2026,1451,4353,3,0,10,7,1901,3346818.92,3346818.92
4|2026|1451|4376|3|0|60|2|3703,4,2026,1451,4376,3,0,60,2,3703,22690.51,22690.51
4|2026|1451|4441|3|1|60|2|3959,4,2026,1451,4441,3,1,60,2,3959,0.0,7183.89
4|2026|1481|4154|3|0|71|1|3704,4,2026,1481,4154,3,0,71,1,3704,0.0,11032.44
4|2026|1481|4158|1|1|71|1|1119,4,2026,1481,4158,1,1,71,1,1119,300.4,300.4
4|2026|1481|4182|3|0|71|1|3705,4,2026,1481,4182,3,0,71,1,3705,9966.56,7114.27
4|2026|1481|4204|3|0|71|1|3955,4,2026,1481,4204,3,0,71,1,3955,20290.0,17290.0
4|2026|1481|4414|3|0|71|1|3704,4,2026,1481,4414,3,0,71,1,3704,127630.31,67056.17
4|2026|1491|2045|4|0|15|1|4201,4,2026,1491,2045,4,0,15,1,4201,357006.37,357006.37
4|2026|1491|2051|3|0|10|1|3952,4,2026,1491,2051,3,0,10,1,3952,1500.0,1493.4
4|2026|1491|2417|1|0|10|1|1123,4,2026,1491,2417,1,0,10,1,1123,1588.08,1588.08
4|2026|1501|2417|1|0|10|1|1119,4,2026,1501,2417,1,0,10,1,1119,91090.32,91090.32
4|2026|1501|4452|3|0|10|1|3920,4,2026,1501,4452,3,0,10,1,3920,46071.1,14639.01
4|2026|1501|4465|3|0|10|1|3921,4,2026,1501,4465,3,0,10,1,3921,60000.0,0.0
4|2026|1501|4473|3|0|10|1|3302,4,2026,1501,4473,3,0,10,1,3302,793.52,793.52
4|2026|1501|4476|3|0|10|1|3912,4,2026,1501,4476,3,0,10,1,3912,3400.0,900.16
4|2026|1501|4486|3|0|10|1|4703,4,2026,1501,4486,3,0,10,1,4703,1360.0,664.08
4|2026|1501|4487|3|0|10|1|4003,4,2026,1501,4487,3,0,10,1,4003,300000.0,342383.16
4|2026|1511|1051|4|0|48|0|5209,4,2026,1511,1051,4,0,48,0,5209,97119.6,0.0
4|2026|1511|2008|3|0|10|1|3961,4,2026,1511,2008,3,0,10,1,3961,0.0,344.0
4|2026|1511|4060|3|0|60|2|3611,4,2026,1511,4060,3,0,60,2,3611,8151.78,8151.78
4|2026|1511|4060|3|0|60|2|3704,4,2026,1511,4060,3,0,60,2,3704,87336.87,82776.79
4|2026|1511|4060|3|0|60|2|3913,4,2026,1511,4060,3,0,60,2,3913,200.0,106.28
4|2026|1511|4060|3|0|60|2|3921,4,2026,1511,4060,3,0,60,2,3921,38021.76,38021.76
4|2026|1511|4060|3|0|60|2|3937,4,2026,1511,4060,3,0,60,2,3937,6098.6,3057.96
4|2026|1511|4060|3|0|60|2|3969,4,2026,1511,4060,3,0,60,2,3969,8099.77,8099.77
4|2026|1511|4060|4|0|95|1|5107,4,2026,1511,4060,4,0,95,1,5107,699919.42,0.0
4|2026|1511|4061|3|0|10|1|3921,4,2026,1511,4061,3,0,10,1,3921,39188.14,19594.07
4|2026|1511|4066|3|0|10|1|3904,4,2026,1511,4066,3,0,10,1,3904,22350.0,0.0
4|2026|1521|4309|3|0|10|1|4003,4,2026,1521,4309,3,0,10,1,4003,12976.0,4644.0
4|2026|1541|2417|1|0|10|1|1146,4,2026,1541,2417,1,0,10,1,1146,144369.24,144369.24
4|2026|1631|2417|1|0|10|1|1304,4,2026,1631,2417,1,0,10,1,1304,152551.92,152551.92
4|2026|1711|2001|3|0|10|1|3909,4,2026,1711,2001,3,0,10,1,3909,0.0,437085.79
4|2026|1711|2001|3|0|10|1|3952,4,2026,1711,2001,3,0,10,1,3952,2800.0,4583.84
4|2026|1711|2417|1|0|10|1|1304,4,2026,1711,2417,1,0,10,1,1304,100369.98,100369.98
4|2026|1721|2417|1|0|10|1|1146,4,2026,1721,2417,1,0,10,1,1146,85042.06,85042.06
4|2026|1916|7043|2|0|10|1|2106,4,2026,1916,7043,2,0,10,1,2106,290466.69,96519.98
4|2026|2011|2014|4|0|10|1|4009,4,2026,2011,2014,4,0,10,1,4009,585000.0,224959.02
4|2026|2011|2039|3|0|50|1|3611,4,2026,2011,2039,3,0,50,1,3611,5100.0,1700.0
4|2026|2011|2039|3|0|50|1|3704,4,2026,2011,2039,3,0,50,1,3704,35666.08,35070.090000000004
4|2026|2011|2039|3|0|50|1|3705,4,2026,2011,2039,3,0,50,1,3705,8979.789999999999,7084.04
4|2026|2011|2039|3|0|50|1|3913,4,2026,2011,2039,3,0,50,1,3913,0.0,236.02
4|2026|2011|2500|3|0|50|1|4710,4,2026,2011,2500,3,0,50,1,4710,4504000.0,3005780.68
4|2026|2011|4229|3|0|50|1|3961,4,2026,2011,4229,3,0,50,1,3961,0.0,839.96
4|2026|2011|4230|3|0|50|1|3921,4,2026,2011,4230,3,0,50,1,3921,10821.6,3607.2
4|2026|2041|2417|1|0|60|1|1117,4,2026,2041,2417,1,0,60,1,1117,19647.4,19647.4
4|2026|2061|2417|1|0|10|1|701,4,2026,2061,2417,1,0,10,1,701,14128.92,14128.92
4|2026|2071|4048|3|0|10|1|1801,4,2026,2071,4048,3,0,10,1,1801,10700.0,10700.0
4|2026|2091|2500|3|0|72|1|3611,4,2026,2091,2500,3,0,72,1,3611,14650.0,14650.0
4|2026|2091|2500|3|0|72|1|3703,4,2026,2091,2500,3,0,72,1,3703,8035.4,8035.4
4|2026|2091|2500|3|0|72|1|3705,4,2026,2091,2500,3,0,72,1,3705,8440.36,8440.36
4|2026|2091|2500|3|0|72|1|3921,4,2026,2091,2500,3,0,72,1,3921,800.0,800.0
4|2026|2091|2500|3|0|72|1|3931,4,2026,2091,2500,3,0,72,1,3931,1088.47,1088.47
4|2026|2101|2500|3|0|72|1|3703,4,2026,2101,2500,3,0,72,1,3703,4277.93,4277.93
4|2026|2101|2500|3|0|72|1|3704,4,2026,2101,2500,3,0,72,1,3704,30639.739999999998,30639.739999999998
4|2026|2101|2500|3|0|72|1|3912,4,2026,2101,2500,3,0,72,1,3912,3515.32,3607.6000000000004
4|2026|2101|2500|3|0|72|1|3913,4,2026,2101,2500,3,0,72,1,3913,1940.0,1940.0
4|2026|2101|4055|3|0|72|1|3912,4,2026,2101,4055,3,0,72,1,3912,1550.62,1550.62
4|2026|2101|4055|3|0|72|1|3920,4,2026,2101,4055,3,0,72,1,3920,1733.02,0.0
4|2026|2101|4056|3|0|61|1|3703,4,2026,2101,4056,3,0,61,1,3703,20363.55,20363.55
4|2026|2101|4059|3|0|72|1|3703,4,2026,2101,4059,3,0,72,1,3703,28011.61,28011.61
4|2026|2101|4059|3|0|72|1|3704,4,2026,2101,4059,3,0,72,1,3704,38138.11,38138.11
4|2026|2101|4059|3|0|72|1|3926,4,2026,2101,4059,3,0,72,1,3926,982.06,970.84
4|2026|2121|7002|1|0|50|1|308,4,2026,2121,7002,1,0,50,1,308,122811414.72,122811414.72
4|2026|2151|4093|1|0|10|1|1101,4,2026,2151,4093,1,0,10,1,1101,17888.06,17888.06
4|2026|2161|2417|1|0|10|1|1305,4,2026,2161,2417,1,0,10,1,1305,18621.27,18621.27
4|2026|2171|2500|3|0|10|1|4003,4,2026,2171,2500,3,0,10,1,4003,8471.0,8472.0
4|2026|2181|4423|3|0|10|1|3946,4,2026,2181,4423,3,0,10,1,3946,0.0,648978.8
4|2026|2201|4271|3|0|10|1|1401,4,2026,2201,4271,3,0,10,1,1401,-1825.4,677.4
4|2026|2211|2417|1|0|10|1|1321,4,2026,2211,2417,1,0,10,1,1321,13249.5,13249.5
4|2026|2251|2417|1|0|60|1|1304,4,2026,2251,2417,1,0,60,1,1304,78424.44,78424.44
4|2026|2251|4051|3|0|60|1|3931,4,2026,2251,4051,3,0,60,1,3931,4800.0,1552.11
4|2026|2261|2417|1|0|10|1|403,4,2026,2261,2417,1,0,10,1,403,216810.46,216810.46
4|2026|2271|2417|1|0|10|1|1122,4,2026,2271,2417,1,0,10,1,1122,16088.8,16088.8
4|2026|2271|2500|3|0|10|1|3702,4,2026,2271,2500,3,0,10,1,3702,16268.47,20983.85
4|2026|2271|2500|3|0|10|1|3913,4,2026,2271,2500,3,0,10,1,3913,0.0,11182.82
4|2026|2271|2500|3|0|10|1|4005,4,2026,2271,2500,3,0,10,1,4005,900.0,0.0
4|2026|2271|2500|3|0|68|1|1401,4,2026,2271,2500,3,0,68,1,1401,-625.12,0.0
4|2026|2271|2500|3|0|68|1|8501,4,2026,2271,2500,3,0,68,1,8501,80000.0,80000.0
4|2026|2271|4030|3|0|10|1|3703,4,2026,2271,4030,3,0,10,1,3703,94452.71,94452.71
4|2026|2271|4030|3|0|10|1|3962,4,2026,2271,4030,3,0,10,1,3962,30786.22,30786.22
4|2026|2271|4030|3|0|10|1|4904,4,2026,2271,4030,3,0,10,1,4904,8572.53,8548.24
4|2026|2271|4031|3|0|10|1|3929,4,2026,2271,4031,3,0,10,1,3929,10000.0,3138.6
4|2026|2271|4032|3|0|10|1|3919,4,2026,2271,4032,3,0,10,1,3919,4730.85,4730.85
4|2026|2271|4034|3|0|10|1|3919,4,2026,2271,4034,3,0,10,1,3919,5507.35,5507.35
4|2026|2271|4034|3|0|10|1|3922,4,2026,2271,4034,3,0,10,1,3922,50000.0,0.0
4|2026|2271|4036|3|0|10|1|3913,4,2026,2271,4036,3,0,10,1,3913,40000.0,24509.64
4|2026|2281|4300|3|0|10|1|3931,4,2026,2281,4300,3,0,10,1,3931,800.0,192.52
4|2026|2301|2417|1|0|10|1|1121,4,2026,2301,2417,1,0,10,1,1121,520951.12,520951.12
4|2026|2301|2500|3|0|10|1|3969,4,2026,2301,2500,3,0,10,1,3969,11826.46,3390.2
4|2026|2301|2500|3|0|10|1|4002,4,2026,2301,2500,3,0,10,1,4002,247120.0,303447.05
4|2026|2301|2500|4|0|10|1|9202,4,2026,2301,2500,4,0,10,1,9202,7010.98,7010.98
4|2026|2301|4284|4|0|10|0|3999,4,2026,2301,4284,4,0,10,0,3999,247798.59,23311.05
4|2026|2301|4293|3|0|10|1|1401,4,2026,2301,4293,3,0,10,1,1401,2688.4,5426.6
4|2026|2301|4293|3|0|10|1|3705,4,2026,2301,4293,3,0,10,1,3705,108.87,108.87
4|2026|2301|4293|3|0|10|1|3921,4,2026,2301,4293,3,0,10,1,3921,7593.969999999999,5193.969999999999
4|2026|2301|4293|3|0|10|1|3926,4,2026,2301,4293,3,0,10,1,3926,17.84,17.84
4|2026|2301|4293|3|0|10|1|3969,4,2026,2301,4293,3,0,10,1,3969,3467.1,6009.299999999999
4|2026|2301|4293|3|0|10|1|3972,4,2026,2301,4293,3,0,10,1,3972,0.0,242.68
4|2026|2301|4385|4|0|10|0|5112,4,2026,2301,4385,4,0,10,0,5112,-3609.24,125699.82
4|2026|2301|4530|3|0|10|1|1401,4,2026,2301,4530,3,0,10,1,1401,5966.6,5966.6
4|2026|2311|2417|1|0|10|1|1121,4,2026,2311,2417,1,0,10,1,1121,775765.86,775765.86
4|2026|2321|4212|3|0|10|1|3921,4,2026,2321,4212,3,0,10,1,3921,450.0,450.0
4|2026|2321|4212|3|0|10|1|4002,4,2026,2321,4212,3,0,10,1,4002,19711.57,0.0
4|2026|2321|4222|3|0|10|1|3612,4,2026,2321,4222,3,0,10,1,3612,-0.14,-0.14
4|2026|2351|2417|1|0|10|1|1117,4,2026,2351,2417,1,0,10,1,1117,238268.12,238268.12
4|2026|2351|2500|3|0|10|1|1801,4,2026,2351,2500,3,0,10,1,1801,6000.0,6000.0
4|2026|2351|4086|3|0|10|1|3703,4,2026,2351,4086,3,0,10,1,3703,152433.74,146231.62
4|2026|2351|4086|3|0|10|1|3922,4,2026,2351,4086,3,0,10,1,3922,0.0,85185.37
4|2026|2351|4086|3|0|10|1|3959,4,2026,2351,4086,3,0,10,1,3959,0.0,923.04
4|2026|2351|4086|3|0|10|1|3969,4,2026,2351,4086,3,0,10,1,3969,30000.0,1681.18
4|2026|2351|4087|3|0|10|1|1801,4,2026,2351,4087,3,0,10,1,1801,31400.0,15000.0
4|2026|2351|4087|3|0|10|1|3304,4,2026,2351,4087,3,0,10,1,3304,6189.6,0.0
4|2026|2351|4088|3|0|10|1|1801,4,2026,2351,4088,3,0,10,1,1801,36000.0,42000.0
4|2026|2351|4090|3|0|10|1|1801,4,2026,2351,4090,3,0,10,1,1801,92700.0,51475.0
4|2026|2371|2417|1|0|10|1|1123,4,2026,2371,2417,1,0,10,1,1123,1627.74,1627.74
4|2026|2371|2500|3|0|91|1|3912,4,2026,2371,2500,3,0,91,1,3912,3357.64,3357.64
4|2026|2371|2500|3|0|91|1|3913,4,2026,2371,2500,3,0,91,1,3913,4200.0,917.9
4|2026|2371|2500|3|0|91|1|3915,4,2026,2371,2500,3,0,91,1,3915,1219.0,301.25
4|2026|2371|2500|3|0|91|1|3918,4,2026,2371,2500,3,0,91,1,3918,60.0,60.0
4|2026|2371|2500|3|0|91|1|3919,4,2026,2371,2500,3,0,91,1,3919,695.13,231.71
4|2026|2371|2500|3|0|91|1|3962,4,2026,2371,2500,3,0,91,1,3962,0.0,524.61
4|2026|2371|2500|3|0|91|1|4005,4,2026,2371,2500,3,0,91,1,4005,3504.46,1406.09
4|2026|2371|4202|3|0|91|1|1401,4,2026,2371,4202,3,0,91,1,1401,470.6,470.6
4|2026|2371|4206|3|0|91|1|1401,4,2026,2371,4206,3,0,91,1,1401,1677.0,1341.6
4|2026|2371|4228|3|1|95|1|1401,4,2026,2371,4228,3,1,95,1,1401,4024.8,4024.8
4|2026|2371|4317|3|0|91|1|3906,4,2026,2371,4317,3,0,91,1,3906,5964.6,0.0
4|2026|2371|4319|3|0|91|1|1401,4,2026,2371,4319,3,0,91,1,1401,1276.6,941.2
4|2026|2371|4440|3|0|91|1|1401,4,2026,2371,4440,3,0,91,1,1401,8605.58,6686.52
4|2026|2421|2500|3|0|71|1|4005,4,2026,2421,2500,3,0,71,1,4005,1708.38,508.38
4|2026|2461|2417|3|0|10|7|4601,4,2026,2461,2417,3,0,10,7,4601,35550.0,35550.0
4|2026|2471|2417|1|0|10|1|1304,4,2026,2471,2417,1,0,10,1,1304,10514.33,10514.33
4|2026|2481|4491|1|0|10|1|1321,4,2026,2481,4491,1,0,10,1,1321,16953.06,16953.06
4|2026|2481|4491|3|0|15|1|3991,4,2026,2481,4491,3,0,15,1,3991,10.0,0.0
4|2026|4031|2109|3|0|77|1|1401,4,2026,4031,2109,3,0,77,1,1401,1587339.6,922082.0
4|2026|4251|4433|3|0|71|1|3304,4,2026,4251,4433,3,0,71,1,3304,0.0,10859.23
4|2026|4291|2024|3|0|10|1|1401,4,2026,4291,2024,3,0,10,1,1401,54700.8,40884.6
4|2026|4291|2024|3|0|10|1|3704,4,2026,4291,2024,3,0,10,1,3704,0.0,468034.06
4|2026|4291|2024|3|0|10|1|3705,4,2026,4291,2024,3,0,10,1,3705,0.0,31754.24
4|2026|4291|2024|3|0|10|1|3912,4,2026,4291,2024,3,0,10,1,3912,130000.0,157850.7
4|2026|4291|2024|3|0|10|1|3913,4,2026,4291,2024,3,0,10,1,3913,0.0,82.98
4|2026|4291|2024|3|0|10|1|3919,4,2026,4291,2024,3,0,10,1,3919,0.0,3351.42
4|2026|4291|2024|3|0|10|1|3920,4,2026,4291,2024,3,0,10,1,3920,12611.4,13072.75
4|2026|4291|2024|3|0|10|1|3960,4,2026,4291,2024,3,0,10,1,3960,2655.78,1593.64
4|2026|4291|2026|3|0|10|1|3304,4,2026,4291,2026,3,0,10,1,3304,50150.0,10148.42
4|2026|4291|2417|1|0|10|1|1103,4,2026,4291,2417,1,0,10,1,1103,5290892.32,5290892.32
4|2026|4291|2500|3|0|10|1|3302,4,2026,4291,2500,3,0,10,1,3302,389.9,389.9
4|2026|4291|2500|4|0|10|1|4201,4,2026,4291,2500,4,0,10,1,4201,180000.0,0.0
4|2026|4291|4126|3|0|10|1|3604,4,2026,4291,4126,3,0,10,1,3604,40000.0,19975.0
4|2026|4291|4136|3|0|10|1|3929,4,2026,4291,4136,3,0,10,1,3929,62727712.0,6272771.2
4|2026|4291|4143|3|0|10|1|3604,4,2026,4291,4143,3,0,10,1,3604,-5321.4,-470.6
4|2026|4291|4147|3|0|10|1|3302,4,2026,4291,4147,3,0,10,1,3302,478.02,778.02
4|2026|4291|4147|3|0|92|1|3013,4,2026,4291,4147,3,0,92,1,3013,0.0,905.0
4|2026|4341|4263|3|0|31|1|3604,4,2026,4341,4263,3,0,31,1,3604,12000.0,9421.62
4|2026|4381|4201|4|0|83|1|3971,4,2026,4381,4201,4,0,83,1,3971,0.0,229943.59
4|2026|4451|4256|3|0|60|1|3304,4,2026,4451,4256,3,0,60,1,3304,20000.0,14531.22
4|2026|4451|4256|3|0|60|1|3601,4,2026,4451,4256,3,0,60,1,3601,3950.0,4050.0
4|2026|4631|4218|3|0|10|1|8301,4,2026,4631,4218,3,0,10,1,8301,1874992.03,586863.2
4|2026|4691|2071|3|0|57|1|3010,4,2026,4691,2071,3,0,57,1,3010,-45266.38,0.0
4|2026|4711|7017|1|0|10|1|1322,4,2026,4711,7017,1,0,10,1,1322,8749.48,8749.48
4|2026|4711|7725|1|0|10|1|1322,4,2026,4711,7725,1,0,10,1,1322,538783.58,538783.58
4|2026|4751|2073|3|0|59|1|3019,4,2026,4751,2073,3,0,59,1,3019,89.91,0.0
5|2026|1051|4355|3|0|10|1|3952,5,2026,1051,4355,3,0,10,1,3952,0.0,78185.75
5|2026|1071|4426|3|0|10|1|1401,5,2026,1071,4426,3,0,10,1,1401,18000.0,1341.6
5|2026|1191|2007|3|0|10|1|4004,5,2026,1191,2007,3,0,10,1,4004,504.16,0.0
5|2026|1191|4082|3|0|10|1|3937,5,2026,1191,4082,3,0,10,1,3937,5000.0,0.0
5|2026|1191|4082|3|0|29|1|3701,5,2026,1191,4082,3,0,29,1,3701,12300.0,0.0
5|2026|1221|1073|3|0|32|1|1401,5,2026,1221,1073,3,0,32,1,1401,0.0,3623.6
5|2026|1251|2060|3|0|60|2|3926,5,2026,1251,2060,3,0,60,2,3926,0.0,-0.14
5|2026|1261|2129|3|0|10|1|3302,5,2026,1261,2129,3,0,10,1,3302,0.0,751.6
5|2026|1261|4519|4|1|10|1|5103,5,2026,1261,4519,4,1,10,1,5103,17987.04,0.0
5|2026|1371|4038|3|0|9|1|3705,5,2026,1371,4038,3,0,9,1,3705,417.6,417.6
5|2026|1441|4150|3|0|10|1|3913,5,2026,1441,4150,3,0,10,1,3913,70.0,0.0
5|2026|1451|4351|3|0|60|2|4301,5,2026,1451,4351,3,0,60,2,4301,515456.49,515456.49
5|2026|1501|4465|3|0|10|1|3921,5,2026,1501,4465,3,0,10,1,3921,0.0,18708.55
5|2026|1511|4060|3|0|60|2|3611,5,2026,1511,4060,3,0,60,2,3611,2717.26,2717.26
5|2026|1511|4060|3|0|60|2|3704,5,2026,1511,4060,3,0,60,2,3704,0.0,88264.2
5|2026|1511|4060|3|0|60|2|3937,5,2026,1511,4060,3,0,60,2,3937,0.0,3057.96
5|2026|1511|4060|3|0|60|2|3969,5,2026,1511,4060,3,0,60,2,3969,6951.58,6951.58
5|2026|1711|2001|3|0|10|1|3909,5,2026,1711,2001,3,0,10,1,3909,0.0,2500.0
5|2026|1711|2001|3|0|10|1|3952,5,2026,1711,2001,3,0,10,1,3952,4500.0,0.0
5|2026|2011|2014|4|0|10|1|4009,5,2026,2011,2014,4,0,10,1,4009,0.0,227681.12
5|2026|2011|2039|3|0|50|1|3611,5,2026,2011,2039,3,0,50,1,3611,0.0,1700.0
5|2026|2011|2039|3|0|50|1|3704,5,2026,2011,2039,3,0,50,1,3704,0.0,17681.1
5|2026|2011|2039|3|0|50|1|3705,5,2026,2011,2039,3,0,50,1,3705,0.0,2254.56
5|2026|2011|2039|3|0|50|1|3913,5,2026,2011,2039,3,0,50,1,3913,1540.0,0.0
5|2026|2011|4229|3|0|50|1|3961,5,2026,2011,4229,3,0,50,1,3961,1679.92,839.96
5|2026|2091|2500|3|0|72|1|3705,5,2026,2091,2500,3,0,72,1,3705,11024.939999999999,11024.939999999999
5|2026|2101|2500|3|0|72|1|3703,5,2026,2101,2500,3,0,72,1,3703,2281.56,2281.56
5|2026|2101|2500|3|0|72|1|3704,5,2026,2101,2500,3,0,72,1,3704,5959.92,0.0
5|2026|2101|2500|3|0|72|1|3912,5,2026,2101,2500,3,0,72,1,3912,0.0,1135.5
5|2026|2101|2500|3|0|72|1|3913,5,2026,2101,2500,3,0,72,1,3913,4930.9,4930.9
5|2026|2101|4059|3|0|72|1|3703,5,2026,2101,4059,3,0,72,1,3703,22558.02,0.0
5|2026|2101|4059|3|0|72|1|3704,5,2026,2101,4059,3,0,72,1,3704,28775.43,0.0
5|2026|2151|4175|3|0|10|1|3922,5,2026,2151,4175,3,0,10,1,3922,229867.89,0.0
5|2026|2261|2417|1|0|10|1|403,5,2026,2261,2417,1,0,10,1,403,5972.18,5972.18
5|2026|2271|2500|3|0|10|1|3913,5,2026,2271,2500,3,0,10,1,3913,10000.0,8719.12
5|2026|2271|4030|3|0|10|1|3703,5,2026,2271,4030,3,0,10,1,3703,86415.01,0.0
5|2026|2271|4030|3|0|10|1|3962,5,2026,2271,4030,3,0,10,1,3962,0.0,30786.22
5|2026|2271|4030|3|0|10|1|4904,5,2026,2271,4030,3,0,10,1,4904,-3451.76,0.0
5|2026|2271|4031|3|0|10|1|3929,5,2026,2271,4031,3,0,10,1,3929,10000.0,0.0
5|2026|2271|4032|3|0|10|1|3919,5,2026,2271,4032,3,0,10,1,3919,4730.85,0.0
5|2026|2271|4034|3|0|10|1|3922,5,2026,2271,4034,3,0,10,1,3922,0.0,91504.48
5|2026|2271|4036|3|0|10|1|3913,5,2026,2271,4036,3,0,10,1,3913,40000.0,27917.02
5|2026|2301|4293|3|0|10|1|1401,5,2026,2301,4293,3,0,10,1,1401,0.0,335.4
5|2026|2301|4293|3|0|10|1|3705,5,2026,2301,4293,3,0,10,1,3705,3946.04,3946.04
5|2026|2301|4293|3|0|10|1|3921,5,2026,2301,4293,3,0,10,1,3921,6066.52,5201.07
5|2026|2301|4293|3|0|10|1|3972,5,2026,2301,4293,3,0,10,1,3972,0.0,652.98
5|2026|2301|4293|3|0|10|1|4707,5,2026,2301,4293,3,0,10,1,4707,6141.54,6141.54
5|2026|2351|2500|3|0|10|1|1801,5,2026,2351,2500,3,0,10,1,1801,6000.0,6000.0
5|2026|2351|4086|3|0|10|1|3703,5,2026,2351,4086,3,0,10,1,3703,0.0,147673.15
5|2026|2351|4086|3|0|10|1|3959,5,2026,2351,4086,3,0,10,1,3959,2769.12,0.0
5|2026|2351|4087|3|0|10|1|1801,5,2026,2351,4087,3,0,10,1,1801,0.0,6800.0
5|2026|2371|2500|3|0|91|1|3913,5,2026,2371,2500,3,0,91,1,3913,0.0,183.74
5|2026|2371|2500|3|0|91|1|3919,5,2026,2371,2500,3,0,91,1,3919,0.0,231.71
5|2026|2371|4440|3|0|91|1|1401,5,2026,2371,4440,3,0,91,1,1401,0.0,1243.06
5|2026|4031|2109|3|0|77|1|1401,5,2026,4031,2109,3,0,77,1,1401,0.0,216754.4
5|2026|4251|4433|3|0|71|1|3304,5,2026,4251,4433,3,0,71,1,3304,15000.0,0.0
5|2026|4291|2024|3|0|10|1|1401,5,2026,4291,2024,3,0,10,1,1401,88340.0,24591.2
5|2026|4291|2024|3|0|10|1|3912,5,2026,4291,2024,3,0,10,1,3912,100000.0,69012.26
5|2026|4291|2024|3|0|10|1|3920,5,2026,4291,2024,3,0,10,1,3920,0.0,9919.9
5|2026|4291|2026|3|0|10|1|3304,5,2026,4291,2026,3,0,10,1,3304,0.0,6873.32
5|2026|4291|2136|3|0|10|1|4104,5,2026,4291,2136,3,0,10,1,4104,99969442.62,99969442.62
5|2026|4291|2500|4|0|10|1|4201,5,2026,4291,2500,4,0,10,1,4201,0.0,180000.0
5|2026|4291|4121|3|0|92|1|3921,5,2026,4291,4121,3,0,92,1,3921,2917.71,2917.71
5|2026|4441|1009|3|0|60|1|3625,5,2026,4441,1009,3,0,60,1,3625,0.0,4222.56
5|2026|4451|4256|3|0|60|1|3601,5,2026,4451,4256,3,0,60,1,3601,0.0,4079.46
